timestamp_s,received_frames,dropped_frames,queue_dropped_frames,target_rate_hz,resulting_frame_rate_hz,acquisition_rate_hz,average_callback_ms,connected,rate_diagnostic,last_error
1787910314.002000,1,0,0,100.000,100.000,0.000,0.660,1,,
1787910314.499000,43,0,0,100.000,100.000,84.176,0.022,1,,
1787910315.008000,94,0,0,100.000,100.000,92.163,0.013,1,,
1787910315.509000,144,0,0,100.000,100.000,99.984,0.011,1,,
1787910316.018000,195,0,0,100.000,100.000,100.000,0.009,1,,
1787910316.518000,245,0,0,100.000,100.000,100.012,0.009,1,,
1787910317.019000,295,0,0,100.000,100.000,99.999,0.008,1,,
1787910317.552000,345,0,0,100.000,100.000,99.997,0.008,1,,
1787910318.019000,395,0,0,100.000,100.000,99.984,0.008,1,,
1787910318.529000,446,0,0,100.000,100.000,99.999,0.007,1,,
1787910319.039000,497,0,0,100.000,100.000,99.999,0.007,1,,
1787910319.538000,547,0,0,100.000,100.000,99.999,0.007,1,,
1787910320.039000,597,0,0,100.000,100.000,99.997,0.007,1,,
1787910320.539000,647,0,0,100.000,100.000,99.998,0.007,1,,
1787910321.039000,697,0,0,100.000,100.000,99.999,0.007,1,,
1787910321.539000,747,0,0,100.000,100.000,99.922,0.007,1,,
1787910322.049000,798,0,0,100.000,100.000,100.027,0.007,1,,
1787910322.549000,848,0,0,100.000,100.000,100.001,0.007,1,,
1787910323.050000,898,0,0,100.000,100.000,99.900,0.007,1,,
1787910323.559000,949,0,0,100.000,100.000,99.985,0.006,1,,
1787910324.061000,999,0,0,100.000,100.000,99.947,0.006,1,,
1787910324.569000,1050,0,0,100.000,100.000,99.997,0.006,1,,
1787910325.069000,1100,0,0,100.000,100.000,99.996,0.006,1,,
1787910325.569000,1150,0,0,100.000,100.000,99.975,0.006,1,,
1787910326.079000,1201,0,0,100.000,100.000,99.999,0.006,1,,
1787910326.579000,1251,0,0,100.000,100.000,99.994,0.006,1,,
1787910327.079000,1301,0,0,100.000,100.000,99.982,0.006,1,,
1787910327.579000,1351,0,0,100.000,100.000,99.999,0.006,1,,
1787910328.079000,1401,0,0,100.000,100.000,99.940,0.006,1,,
1787910328.579000,1451,0,0,100.000,100.000,100.026,0.006,1,,
1787910329.079000,1501,0,0,100.000,100.000,100.001,0.006,1,,
1787910329.579000,1551,0,0,100.000,100.000,100.002,0.006,1,,
1787910330.079000,1601,0,0,100.000,100.000,99.997,0.006,1,,
1787910330.588000,1652,0,0,100.000,100.000,100.003,0.006,1,,
1787910331.089000,1702,0,0,100.000,100.000,99.997,0.006,1,,
1787910331.597000,1749,0,0,100.000,100.000,96.345,0.006,1,,
1787910332.096000,1799,0,0,100.000,100.000,96.349,0.006,1,,
1787910332.606000,1846,0,0,100.000,100.000,96.166,0.006,1,,
1787910333.115000,1897,0,0,100.000,100.000,96.322,0.006,1,,
1787910333.615000,1947,0,0,100.000,100.000,99.995,0.006,1,,
1787910334.115000,1997,0,0,100.000,100.000,99.997,0.006,1,,
1787910334.614000,2047,0,0,100.000,100.000,99.998,0.006,1,,
1787910335.115000,2097,0,0,100.000,100.000,99.966,0.006,1,,
1787910335.620000,2147,0,0,100.000,100.000,99.652,0.006,1,,
1787910336.125000,2198,0,0,100.000,100.000,100.022,0.006,1,,
1787910336.624000,2248,0,0,100.000,100.000,100.010,0.006,1,,
1787910337.124000,2298,0,0,100.000,100.000,100.000,0.006,1,,
1787910337.625000,2348,0,0,100.000,100.000,99.990,0.006,1,,
1787910338.125000,2398,0,0,100.000,100.000,99.979,0.006,1,,
1787910338.624000,2448,0,0,100.000,100.000,99.997,0.006,1,,
1787910339.124000,2495,0,0,100.000,100.000,97.144,0.006,1,,
1787910339.634000,2546,0,0,100.000,100.000,97.128,0.006,1,,
1787910340.143000,2597,0,0,100.000,100.000,100.001,0.006,1,,
1787910340.649000,2644,0,0,100.000,100.000,96.551,0.006,1,,
1787910341.149000,2694,0,0,100.000,100.000,96.525,0.006,1,,
1787910341.659000,2745,0,0,100.000,100.000,100.010,0.006,1,,
1787910342.169000,2796,0,0,100.000,100.000,99.997,0.006,1,,
1787910342.669000,2846,0,0,100.000,100.000,99.996,0.006,1,,
1787910343.169000,2896,0,0,100.000,100.000,99.999,0.006,1,,
1787910343.679000,2947,0,0,100.000,100.000,100.000,0.006,1,,
1787910344.179000,2997,0,0,100.000,100.000,100.013,0.006,1,,
1787910344.679000,3047,0,0,100.000,100.000,99.971,0.006,1,,
1787910345.180000,3097,0,0,100.000,100.000,99.930,0.006,1,,
1787910345.688000,3144,0,0,100.000,100.000,96.176,0.006,1,,
1787910346.188000,3194,0,0,100.000,100.000,96.238,0.006,1,,
1787910346.689000,3241,0,0,100.000,100.000,96.938,0.006,1,,
1787910347.189000,3291,0,0,100.000,100.000,96.943,0.006,1,,
1787910347.689000,3341,0,0,100.000,100.000,99.999,0.006,1,,
1787910348.189000,3391,0,0,100.000,100.000,99.999,0.006,1,,
1787910348.689000,3441,0,0,100.000,100.000,99.999,0.006,1,,
1787910349.189000,3491,0,0,100.000,100.000,99.998,0.006,1,,
1787910349.690000,3541,0,0,100.000,100.000,99.980,0.006,1,,
1787910350.200000,3592,0,0,100.000,100.000,99.996,0.006,1,,
1787910350.709000,3643,0,0,100.000,100.000,99.998,0.006,1,,
1787910351.213000,3692,0,0,100.000,100.000,98.659,0.006,1,,
1787910351.719000,3744,0,0,100.000,100.000,99.995,0.006,1,,
1787910352.219000,3790,0,0,100.000,100.000,97.208,0.006,1,,
1787910352.728000,3841,0,0,100.000,100.000,96.271,0.006,1,,
1787910353.228000,3891,0,0,100.000,100.000,99.981,0.006,1,,
1787910353.728000,3941,0,0,100.000,100.000,99.998,0.006,1,,
1787910354.229000,3991,0,0,100.000,100.000,99.998,0.006,1,,
1787910354.728000,4041,0,0,100.000,100.000,100.002,0.006,1,,
1787910355.229000,4091,0,0,100.000,100.000,100.008,0.006,1,,
1787910355.738000,4142,0,0,100.000,100.000,100.001,0.006,1,,
1787910356.238000,4192,0,0,100.000,100.000,99.991,0.006,1,,
1787910356.739000,4242,0,0,100.000,100.000,99.960,0.006,1,,
1787910357.249000,4289,0,0,100.000,100.000,96.664,0.006,1,,
1787910357.753000,4340,0,0,100.000,100.000,96.633,0.006,1,,
1787910358.261000,4387,0,0,100.000,100.000,96.221,0.006,1,,
1787910358.761000,4437,0,0,100.000,100.000,96.342,0.006,1,,
1787910359.261000,4487,0,0,100.000,100.000,100.048,0.006,1,,
1787910359.761000,4537,0,0,100.000,100.000,100.000,0.006,1,,
1787910360.261000,4587,0,0,100.000,100.000,99.985,0.006,1,,
1787910360.761000,4637,0,0,100.000,100.000,99.999,0.006,1,,
1787910361.261000,4687,0,0,100.000,100.000,99.995,0.006,1,,
1787910361.761000,4737,0,0,100.000,100.000,100.004,0.006,1,,
1787910362.264000,4784,0,0,100.000,100.000,96.724,0.006,1,,
1787910362.765000,4834,0,0,100.000,100.000,96.720,0.006,1,,
1787910363.275000,4885,0,0,100.000,100.000,99.987,0.006,1,,
1787910363.775000,4935,0,0,100.000,100.000,99.997,0.006,1,,
1787910364.275000,4985,0,0,100.000,100.000,99.999,0.006,1,,
1787910364.775000,5035,0,0,100.000,100.000,99.998,0.006,1,,
1787910365.275000,5085,0,0,100.000,100.000,100.007,0.006,1,,
1787910365.775000,5135,0,0,100.000,100.000,99.997,0.006,1,,
1787910366.285000,5186,0,0,100.000,100.000,100.000,0.006,1,,
1787910366.785000,5236,0,0,100.000,100.000,100.000,0.006,1,,
1787910367.289000,5284,0,0,100.000,100.000,97.654,0.006,1,,
1787910367.789000,5334,0,0,100.000,100.000,97.588,0.006,1,,
1787910368.292000,5382,0,0,100.000,100.000,97.722,0.006,1,,
1787910368.792000,5432,0,0,100.000,100.000,97.696,0.006,1,,
1787910369.292000,5482,0,0,100.000,100.000,99.997,0.006,1,,
1787910369.802000,5533,0,0,100.000,100.000,99.998,0.006,1,,
1787910370.311000,5584,0,0,100.000,100.000,99.998,0.006,1,,
1787910370.811000,5634,0,0,100.000,100.000,99.997,0.006,1,,
1787910371.312000,5681,0,0,100.000,100.000,97.083,0.006,1,,
1787910371.822000,5732,0,0,100.000,100.000,97.105,0.006,1,,
1787910372.478000,5774,0,0,100.000,4.653,78.900,0.007,1,ResultingFrameRateAbs 预计上限为 4.7 Hz（受曝光、AOI 或相机带宽参数限制）,
1787910372.977000,5817,0,0,100.000,100.000,76.424,0.007,1,,
1787910373.477000,5867,0,0,100.000,100.000,76.433,0.007,1,,
1787910373.977000,5917,0,0,100.000,100.000,100.008,0.007,1,,
1787910374.477000,5967,0,0,100.000,100.000,99.998,0.007,1,,
1787910374.977000,6017,0,0,100.000,100.000,100.002,0.007,1,,
1787910375.477000,6067,0,0,100.000,100.000,100.000,0.007,1,,
1787910375.987000,6118,0,0,100.000,100.000,100.000,0.007,1,,
1787910376.496000,6169,0,0,100.000,100.000,99.991,0.007,1,,
1787910376.998000,6219,0,0,100.000,100.000,99.995,0.007,1,,
1787910377.506000,6270,0,0,100.000,100.000,99.999,0.007,1,,
1787910378.007000,6320,0,0,100.000,100.000,100.001,0.007,1,,
1787910378.507000,6367,0,0,100.000,100.000,96.953,0.007,1,,
1787910379.007000,6417,0,0,100.000,100.000,97.064,0.007,1,,
1787910379.517000,6468,0,0,100.000,100.000,99.997,0.007,1,,
1787910380.026000,6519,0,0,100.000,100.000,100.030,0.007,1,,
1787910380.528000,6569,0,0,100.000,100.000,99.970,0.007,1,,
1787910381.027000,6619,0,0,100.000,100.000,100.000,0.007,1,,
1787910381.537000,6670,0,0,100.000,100.000,99.999,0.007,1,,
1787910382.047000,6721,0,0,100.000,100.000,100.001,0.007,1,,
1787910382.547000,6771,0,0,100.000,100.000,100.050,0.007,1,,
1787910383.083000,6821,0,0,100.000,100.000,100.091,0.007,1,,
