timestamp_s,window_end_sequence,valid_sample_count,measured_rate_hz,r0_longitudinal_m,r0_transverse_m,r0_line_of_sight_m,r0_zenith_m,seeing_arcsec,theta0_arcsec,tau0_ms,tau0_valid,tau0_resolution_ms,under_resolved,status,configuration_generation,aoi_epoch,aoi_transition_id
1787910319.083000,500,500,100.317,0.455987,0.568715,0.512351,0.664622,0.1673,14.8795,10.0017,1,10.0017,1,有效,1,0,1
1787910320.090000,601,500,99.994,0.442277,0.551809,0.497043,0.644764,0.1724,14.3954,10.0025,1,10.0025,1,有效,1,0,1
1787910321.101000,702,500,100.000,0.436242,0.517921,0.477081,0.618870,0.1796,14.1828,10.0021,1,10.0021,1,有效,1,0,1
1787910322.101000,802,500,100.000,0.435313,0.498531,0.466922,0.605691,0.1836,14.1501,10.0006,1,10.0006,1,有效,1,0,1
1787910323.100000,902,500,100.000,0.440365,0.517348,0.478856,0.621172,0.1790,14.3280,10.0016,1,10.0016,1,有效,1,0,1
1787910324.100000,1002,500,100.001,0.452714,0.538137,0.495426,0.642666,0.1730,14.7638,10.0010,1,10.0010,1,有效,1,0,1
1787910325.100000,1102,500,100.000,0.442589,0.542097,0.492343,0.638667,0.1741,14.4064,10.0014,1,10.0014,1,有效,1,0,1
1787910326.100000,1202,500,99.998,0.455185,0.494987,0.475086,0.616281,0.1804,14.8511,10.0011,1,10.0011,1,有效,1,0,1
1787910327.100000,1302,500,99.977,0.463703,0.465363,0.464533,0.602592,0.1845,15.1524,10.0006,1,10.0006,1,有效,1,0,1
1787910328.110000,1403,500,99.996,0.482943,0.438543,0.460743,0.597675,0.1860,15.8347,10.0016,1,10.0016,1,有效,1,0,1
1787910329.124000,1504,500,99.998,0.457118,0.393768,0.425443,0.551884,0.2014,14.9195,10.0016,1,10.0016,1,有效,1,0,1
1787910331.130000,1705,500,99.997,0.438860,0.381780,0.410320,0.532267,0.2089,14.2750,10.0014,1,10.0014,1,有效,1,0,1
1787910332.396000,1824,500,91.206,0.447873,0.381366,0.414620,0.537845,0.2067,14.5929,0.0000,0,0.0000,1,有效,3,0,3
1787910333.406000,1925,500,100.021,0.445994,0.372675,0.409335,0.530989,0.2094,14.5266,10.0011,1,10.0011,1,有效,3,0,3
1787910334.406000,2025,500,99.938,0.431605,0.405492,0.418549,0.542941,0.2048,14.0195,10.0017,1,10.0017,1,有效,3,0,3
1787910335.417000,2126,500,99.999,0.445510,0.377090,0.411300,0.533538,0.2084,14.5095,10.0012,1,10.0012,1,有效,3,0,3
1787910336.417000,2226,500,99.999,0.448487,0.363451,0.405969,0.526623,0.2111,14.6145,10.0017,1,10.0017,1,有效,3,0,3
1787910337.417000,2326,500,99.939,0.463882,0.369138,0.416510,0.540297,0.2058,15.1588,10.0013,1,10.0013,1,有效,3,0,3
1787910338.426000,2427,500,99.959,0.442352,0.369983,0.406167,0.526880,0.2110,14.3981,10.0010,1,10.0010,1,有效,3,0,3
1787910339.854000,2567,500,100.013,0.443323,0.366497,0.404910,0.525250,0.2117,14.4323,9.9978,1,9.9978,1,有效,4,0,4
1787910341.351000,2713,500,100.041,0.444854,0.390683,0.417768,0.541929,0.2052,14.4863,10.0011,1,10.0011,1,有效,5,0,5
1787910342.360000,2814,500,100.004,0.447876,0.382178,0.415027,0.538373,0.2065,14.5930,9.9994,1,9.9994,1,有效,5,0,5
1787910343.360000,2914,500,100.040,0.448324,0.361665,0.404994,0.525358,0.2116,14.6088,10.0002,1,10.0002,1,有效,5,0,5
1787910344.371000,3015,500,99.983,0.447862,0.358997,0.403430,0.523329,0.2124,14.5925,10.0002,1,10.0002,1,有效,5,0,5
1787910346.242000,3195,500,88.384,0.423827,0.297014,0.360421,0.467538,0.2378,13.7460,0.0000,0,0.0000,1,有效,7,0,7
1787910348.250000,3396,500,99.998,0.459764,0.289703,0.374734,0.486104,0.2287,15.0131,10.0005,1,10.0005,1,有效,7,0,7
1787910349.250000,3496,500,99.999,0.466501,0.300127,0.383314,0.497235,0.2236,15.2515,10.0008,1,10.0008,1,有效,7,0,7
1787910350.250000,3596,500,99.998,0.434029,0.315528,0.374778,0.486162,0.2287,14.1048,10.0008,1,10.0008,1,有效,7,0,7
1787910351.251000,3696,500,99.998,0.467836,0.482294,0.475065,0.616254,0.1804,15.2988,10.0012,1,10.0012,1,有效,7,0,7
1787910353.079000,3875,500,99.998,0.459648,0.452681,0.456165,0.591737,0.1879,15.0090,10.0010,1,10.0010,1,有效,8,0,8
1787910354.080000,3975,500,100.009,0.447855,0.416361,0.432108,0.560530,0.1983,14.5922,10.0011,1,10.0011,1,有效,8,0,8
1787910355.090000,4076,500,99.982,0.466819,0.414308,0.440564,0.571499,0.1945,15.2628,10.0011,1,10.0011,1,有效,8,0,8
1787910356.100000,4177,500,100.000,0.484253,0.400643,0.442448,0.573944,0.1937,15.8812,10.0009,1,10.0009,1,有效,8,0,8
1787910357.115000,4275,500,95.761,0.491374,0.394200,0.442787,0.574383,0.1936,16.1344,0.0000,0,0.0000,1,有效,9,0,9
1787910358.125000,4372,500,91.435,0.494701,0.403553,0.449127,0.582607,0.1908,16.2528,0.0000,0,0.0000,1,有效,10,0,10
1787910359.133000,4473,500,99.999,0.480119,0.431526,0.455822,0.591292,0.1880,15.7344,9.9970,1,9.9970,1,有效,10,0,10
1787910361.132000,4673,500,99.998,0.479564,0.400276,0.439920,0.570664,0.1948,15.7147,10.0007,1,10.0007,1,有效,10,0,10
1787910362.132000,4773,500,99.999,0.479950,0.402944,0.441447,0.572645,0.1941,15.7284,10.0024,1,10.0024,1,有效,10,0,10
1787910363.256000,4882,500,99.996,0.470096,0.375558,0.422827,0.548490,0.2027,15.3789,9.9987,1,9.9987,1,有效,11,0,11
1787910364.265000,4983,500,100.007,0.459601,0.287440,0.373521,0.484531,0.2295,15.0073,9.9996,1,9.9996,1,有效,11,0,11
1787910365.276000,5084,500,100.007,0.481399,0.308626,0.395013,0.512411,0.2170,15.7799,9.9998,1,9.9998,1,有效,11,0,11
1787910366.276000,5184,500,99.995,0.450838,0.381326,0.416082,0.539741,0.2060,14.6976,10.0007,1,10.0007,1,有效,11,0,11
1787910368.022000,5354,500,93.650,0.456809,0.343293,0.400051,0.518946,0.2142,14.9086,0.0000,0,0.0000,1,有效,13,0,13
1787910369.025000,5454,500,100.072,0.454656,0.346548,0.400602,0.519660,0.2139,14.8324,10.0012,1,10.0012,1,有效,13,0,13
1787910370.025000,5554,500,99.978,0.456141,0.348822,0.402481,0.522099,0.2129,14.8849,10.0012,1,10.0012,1,有效,13,0,13
1787910371.032000,5655,500,99.995,0.473138,0.353523,0.413330,0.536172,0.2074,15.4867,10.0005,1,10.0005,1,有效,13,0,13
1787910372.113000,5760,500,93.437,0.143482,0.309945,0.226713,0.294093,0.3780,4.2519,0.0000,0,0.0000,1,有效,14,0,14
1787910373.578000,5876,500,100.007,0.114031,0.301181,0.207606,0.269306,0.4128,3.3151,10.0020,1,10.0020,1,有效,2,1,17
1787910374.578000,5976,500,99.999,0.113936,0.262748,0.188342,0.244317,0.4551,3.3121,9.9998,1,9.9998,1,有效,2,1,17
1787910375.578000,6076,500,99.996,0.110823,0.288362,0.199593,0.258912,0.4294,3.2142,29.2828,1,10.0010,0,有效,2,1,17
1787910376.588000,6177,500,100.000,0.110121,0.321836,0.215979,0.280167,0.3968,3.1921,10.0013,1,10.0013,1,有效,2,1,17
1787910377.589000,6277,500,100.016,0.307499,0.403018,0.355259,0.460841,0.2412,9.7100,10.0009,1,10.0009,1,有效,2,1,17
1787910379.428000,6458,500,100.070,0.267396,0.345666,0.306531,0.397631,0.2796,8.3459,10.0025,1,10.0025,1,有效,3,1,18
1787910380.438000,6559,500,100.012,0.318728,0.277396,0.298062,0.386646,0.2875,10.0947,10.0008,1,10.0008,1,有效,3,1,18
1787910381.448000,6660,500,100.008,0.321187,0.287653,0.304420,0.394893,0.2815,10.1791,198.9436,1,10.0019,0,有效,3,1,18
1787910382.458000,6761,500,100.000,0.308916,0.265324,0.287120,0.372452,0.2985,9.7585,199.0775,1,10.0018,0,有效,3,1,18
