timestamp_s,event,aoi_epoch,aoi_transition_id,frame_sequence,frame_timestamp_s,frame_generation,previous_generation,requested_generation,applied_generation,stale_frames_dropped,requested_x,requested_y,requested_width,requested_height,applied_x,applied_y,applied_width,applied_height,star_a_x_px,star_a_y_px,star_b_x_px,star_b_y_px,longitudinal_px,transverse_px,differential_jump_px,valid_pair,sample_accepted,valid_sample_count,reason
1787903530.236000,request,0,1,0,1465935.844404300,0,0,1,0,0,843,348,228,192,0,0,64,64,917.215,465.191,995.748,422.129,0.0000,0.0000,0.0000,1,0,0,全画幅定位成功，已选择面积最大的两个有效连通域
1787903530.284000,applied,0,1,0,0.000000000,0,0,1,1,0,843,348,228,192,842,348,228,192,0.000,0.000,0.000,0.000,0.0000,0.0000,0.0000,0,0,0,相机已应用读回 AOI
1787903530.285000,first_valid_frame,0,1,1,1465935.906170400,1,0,1,1,0,843,348,228,192,842,348,228,192,917.168,465.082,997.087,421.155,79.9181,-43.9267,0.0000,1,1,1,新 AOI 后首个已接收有效双星样本
1787903543.835000,request,0,2,1356,1465949.456284400,1,1,2,0,0,885,306,228,192,0,0,64,64,958.910,423.314,1038.111,380.015,79.2016,-43.2993,0.0000,1,0,0,有效双星
1787903543.865000,applied,0,2,0,0.000000000,0,1,2,2,0,885,306,228,192,884,306,228,192,0.000,0.000,0.000,0.000,0.0000,0.0000,0.0000,0,0,0,相机已应用读回 AOI
1787903543.870000,first_valid_frame,0,2,1357,1465949.489571600,2,1,2,2,0,885,306,228,192,884,306,228,192,1011.112,372.469,1091.111,329.032,79.9988,-43.4370,0.0000,1,1,1356,新 AOI 后首个已接收有效双星样本
1787903544.210000,relocalize,1,3,1391,1465949.830057300,2,2,0,0,0,0,0,1920,1200,0,0,64,64,0.000,0.000,0.000,0.000,0.0000,0.0000,0.0000,0,0,0,AOI 内候选连通域不足两个（当前 1 个）
1787903544.260000,applied,1,3,0,0.000000000,0,2,0,0,0,0,0,1920,1200,0,0,1920,1200,0.000,0.000,0.000,0.000,0.0000,0.0000,0.0000,0,0,0,相机已应用读回 AOI
1787903544.483000,request,1,4,1392,1465950.081182400,0,0,1,0,0,869,503,228,193,0,0,64,64,943.251,620.756,1021.742,577.218,0.0000,0.0000,0.0000,1,0,0,全画幅定位成功，已选择面积最大的两个有效连通域
1787903544.545000,applied,1,4,0,0.000000000,0,0,1,1,0,869,503,228,193,868,502,228,193,0.000,0.000,0.000,0.000,0.0000,0.0000,0.0000,0,0,0,相机已应用读回 AOI
1787903544.549000,request,1,5,1393,1465950.168968100,1,1,2,0,0,932,455,227,193,0,0,64,64,1005.843,572.692,1084.342,529.109,78.4985,-43.5825,0.0000,1,0,0,有效双星
1787903544.590000,applied,1,5,0,0.000000000,0,1,2,2,0,932,455,227,193,932,454,227,193,0.000,0.000,0.000,0.000,0.0000,0.0000,0.0000,0,0,0,相机已应用读回 AOI
1787903544.592000,first_valid_frame,1,5,1394,1465950.212196300,2,1,2,2,0,932,455,227,193,932,454,227,193,990.906,580.036,1070.162,537.044,79.2562,-42.9929,0.0000,1,1,1374,新 AOI 后首个已接收有效双星样本
1787903553.021000,request,1,6,2237,1465958.641812100,2,2,3,0,0,897,446,228,193,0,0,64,64,971.020,564.080,1050.164,520.143,79.1439,-43.9365,0.0000,1,0,0,有效双星
1787903553.058000,applied,1,6,0,0.000000000,0,2,3,3,0,897,446,228,193,896,446,228,193,0.000,0.000,0.000,0.000,0.0000,0.0000,0.0000,0,0,0,相机已应用读回 AOI
1787903553.062000,first_valid_frame,1,6,2238,1465958.681842700,3,2,3,3,0,897,446,228,193,896,446,228,193,951.946,540.701,1031.187,497.120,79.2404,-43.5808,0.0000,1,1,2217,新 AOI 后首个已接收有效双星样本
1787903553.311000,sample_rejected,1,6,2263,1465958.931873000,3,2,3,3,0,897,446,228,193,896,446,228,193,914.551,454.214,975.842,450.620,0.0000,0.0000,40.8568,0,0,2233,双星差分跳变 40.857 px，已拒绝该样本
1787903553.322000,relocalize,2,7,2264,1465958.941530100,3,3,0,0,0,0,0,1920,1200,0,0,64,64,0.000,0.000,0.000,0.000,0.0000,0.0000,0.0000,0,0,0,AOI 内双星候选未达到最小间距
1787903553.367000,applied,2,7,0,0.000000000,0,3,0,0,0,0,0,1920,1200,0,0,1920,1200,0.000,0.000,0.000,0.000,0.0000,0.0000,0.0000,0,0,0,相机已应用读回 AOI
1787903553.582000,request,2,8,2265,1465959.188366100,0,0,1,0,0,810,345,228,193,0,0,64,64,884.044,462.852,962.560,419.170,0.0000,0.0000,0.0000,1,0,0,全画幅定位成功，已选择面积最大的两个有效连通域
1787903553.653000,applied,2,8,0,0.000000000,0,0,1,1,0,810,345,228,193,810,344,228,193,0.000,0.000,0.000,0.000,0.0000,0.0000,0.0000,0,0,0,相机已应用读回 AOI
1787903553.655000,first_valid_frame,2,8,2266,1465959.273146100,1,0,1,1,0,810,345,228,193,810,344,228,193,881.895,455.918,961.029,412.102,79.1342,-43.8166,0.0000,1,1,2234,新 AOI 后首个已接收有效双星样本
1787903560.582000,request,2,9,2959,1465966.203179300,1,1,2,0,0,842,299,228,193,0,0,64,64,915.825,416.583,994.990,373.055,79.1653,-43.5284,0.0000,1,0,0,有效双星
1787903560.612000,applied,2,9,0,0.000000000,0,1,2,2,0,842,299,228,193,842,298,228,193,0.000,0.000,0.000,0.000,0.0000,0.0000,0.0000,0,0,0,相机已应用读回 AOI
1787903560.677000,first_valid_frame,2,9,2966,1465966.297325900,2,1,2,2,0,842,299,228,193,842,298,228,193,989.052,349.766,1062.006,308.653,72.9542,-41.1136,0.0000,1,1,2927,新 AOI 后首个已接收有效双星样本
1787903560.688000,sample_rejected,2,9,2967,1465966.306956200,2,1,2,2,0,842,299,228,193,842,298,228,193,1023.042,330.161,943.167,373.994,0.0000,0.0000,174.8504,0,0,2927,双星差分跳变 174.850 px，已拒绝该样本
1787903560.697000,sample_rejected,2,9,2968,1465966.316956900,2,1,2,2,0,842,299,228,193,842,298,228,193,984.169,363.028,905.028,406.234,0.0000,0.0000,173.9045,0,0,2927,双星差分跳变 173.904 px，已拒绝该样本
1787903560.707000,sample_rejected,2,9,2969,1465966.326967600,2,1,2,2,0,842,299,228,193,842,298,228,193,950.234,404.098,870.990,447.579,0.0000,0.0000,174.1286,0,0,2927,双星差分跳变 174.129 px，已拒绝该样本
1787903560.717000,sample_rejected,2,9,2970,1465966.336974500,2,1,2,2,0,842,299,228,193,842,298,228,193,927.140,446.134,850.653,486.371,0.0000,0.0000,170.1488,0,0,2927,双星差分跳变 170.149 px，已拒绝该样本
1787903560.756000,sample_rejected,2,9,2974,1465966.377090700,2,1,2,2,0,842,299,228,193,842,298,228,193,954.261,427.150,875.064,470.861,0.0000,0.0000,174.1990,0,0,2927,双星差分跳变 174.199 px，已拒绝该样本
1787903560.766000,sample_rejected,2,9,2975,1465966.386999200,2,1,2,2,0,842,299,228,193,842,298,228,193,970.237,385.099,890.948,428.503,0.0000,0.0000,174.1301,0,0,2927,双星差分跳变 174.130 px，已拒绝该样本
1787903560.779000,sample_rejected,2,9,2976,1465966.397389500,2,1,2,2,0,842,299,228,193,842,298,228,193,982.268,356.096,903.052,399.677,0.0000,0.0000,174.1518,0,0,2927,双星差分跳变 174.152 px，已拒绝该样本
1787903560.779000,relocalize,3,10,2976,1465966.397389500,2,2,0,0,0,0,0,1920,1200,0,0,64,64,0.000,0.000,0.000,0.000,0.0000,0.0000,0.0000,0,0,0,双星差分跳变 174.152 px，已拒绝该样本
1787903560.823000,applied,3,10,0,0.000000000,0,2,0,0,0,0,0,1920,1200,0,0,1920,1200,0.000,0.000,0.000,0.000,0.0000,0.0000,0.0000,0,0,0,相机已应用读回 AOI
1787903561.033000,request,3,11,2977,1465966.641781200,0,0,1,0,0,825,352,228,193,0,0,64,64,899.176,469.535,977.658,426.158,0.0000,0.0000,0.0000,1,0,0,全画幅定位成功，已选择面积最大的两个有效连通域
1787903561.081000,applied,3,11,0,0.000000000,0,0,1,1,0,825,352,228,193,824,352,228,193,0.000,0.000,0.000,0.000,0.0000,0.0000,0.0000,0,0,0,相机已应用读回 AOI
1787903561.084000,first_valid_frame,3,11,2978,1465966.704930600,1,0,1,1,0,825,352,228,193,824,352,228,193,868.157,463.973,947.332,420.159,79.1749,-43.8146,0.0000,1,1,2928,新 AOI 后首个已接收有效双星样本
1787903561.093000,request,3,12,2979,1465966.714905600,1,1,2,0,0,784,336,228,192,0,0,64,64,857.934,453.462,937.183,410.092,79.2493,-43.3702,0.0000,1,0,0,有效双星
1787903561.130000,applied,3,12,0,0.000000000,0,1,2,2,0,784,336,228,192,784,336,228,192,0.000,0.000,0.000,0.000,0.0000,0.0000,0.0000,0,0,0,相机已应用读回 AOI
1787903561.133000,first_valid_frame,3,12,2980,1465966.754075100,2,1,2,2,0,784,336,228,192,784,336,228,192,868.822,470.945,947.338,427.170,78.5163,-43.7754,0.0000,1,1,2929,新 AOI 后首个已接收有效双星样本
1787903562.094000,request,3,13,3076,1465967.714223400,2,2,3,0,0,784,298,228,193,0,0,64,64,857.966,415.813,937.237,372.121,79.2706,-43.6916,0.0000,1,0,0,有效双星
1787903562.129000,applied,3,13,0,0.000000000,0,2,3,3,0,784,298,228,193,784,298,228,193,0.000,0.000,0.000,0.000,0.0000,0.0000,0.0000,0,0,0,相机已应用读回 AOI
1787903562.134000,first_valid_frame,3,13,3077,1465967.753790100,3,2,3,3,0,784,298,228,193,784,298,228,193,858.015,416.280,937.251,373.057,79.2364,-43.2230,0.0000,1,1,3025,新 AOI 后首个已接收有效双星样本
1787903566.254000,request,3,14,3489,1465971.873779500,3,3,4,0,0,800,331,229,193,0,0,64,64,874.128,449.023,953.987,405.114,79.8587,-43.9094,0.0000,1,0,0,有效双星
1787903566.291000,applied,3,14,0,0.000000000,0,3,4,4,0,800,331,229,193,800,330,229,193,0.000,0.000,0.000,0.000,0.0000,0.0000,0.0000,0,0,0,相机已应用读回 AOI
1787903566.296000,first_valid_frame,3,14,3490,1465971.915926800,4,3,4,4,0,800,331,229,193,800,330,229,193,868.153,448.603,947.353,405.076,79.2001,-43.5267,0.0000,1,1,3437,新 AOI 后首个已接收有效双星样本
1787903567.256000,request,3,15,3586,1465972.875960300,4,4,5,0,0,825,365,228,193,0,0,64,64,899.010,483.101,978.235,439.166,79.2242,-43.9350,0.0000,1,0,0,有效双星
1787903567.292000,applied,3,15,0,0.000000000,0,4,5,5,0,825,365,228,193,824,364,228,193,0.000,0.000,0.000,0.000,0.0000,0.0000,0.0000,0,0,0,相机已应用读回 AOI
1787903567.296000,first_valid_frame,3,15,3587,1465972.916801100,5,4,5,5,0,825,365,228,193,824,364,228,193,902.905,469.540,982.154,426.069,79.2486,-43.4715,0.0000,1,1,3533,新 AOI 后首个已接收有效双星样本
1787903574.456000,request,3,16,4303,1465980.076845000,5,5,6,0,0,857,386,228,193,0,0,64,64,930.838,503.743,1010.086,460.128,79.2481,-43.6155,0.0000,1,0,0,有效双星
1787903574.486000,applied,3,16,0,0.000000000,0,5,6,6,0,857,386,228,193,856,386,228,193,0.000,0.000,0.000,0.000,0.0000,0.0000,0.0000,0,0,0,相机已应用读回 AOI
1787903574.492000,first_valid_frame,3,16,4304,1465980.111071100,6,5,6,6,0,857,386,228,193,856,386,228,193,954.846,508.106,1034.050,464.153,79.2038,-43.9524,0.0000,1,1,4249,新 AOI 后首个已接收有效双星样本
1787903576.661000,request,3,17,4521,1465982.280836400,6,6,7,0,0,856,419,228,193,0,0,64,64,930.056,536.906,1009.260,493.156,79.2040,-43.7503,0.0000,1,0,0,有效双星
1787903576.689000,applied,3,17,0,0.000000000,0,6,7,7,0,856,419,228,193,856,418,228,193,0.000,0.000,0.000,0.000,0.0000,0.0000,0.0000,0,0,0,相机已应用读回 AOI
1787903576.694000,first_valid_frame,3,17,4522,1465982.313721700,7,6,7,7,0,856,419,228,193,856,418,228,193,945.016,536.553,1024.237,493.099,79.2204,-43.4545,0.0000,1,1,4466,新 AOI 后首个已接收有效双星样本
1787903577.664000,request,3,18,4619,1465983.283513400,7,7,8,0,0,919,453,229,192,0,0,64,64,993.230,570.337,1073.124,527.107,79.8933,-43.2303,0.0000,1,0,0,有效双星
1787903577.708000,applied,3,18,0,0.000000000,0,7,8,8,0,919,453,229,192,918,452,229,192,0.000,0.000,0.000,0.000,0.0000,0.0000,0.0000,0,0,0,相机已应用读回 AOI
1787903577.718000,first_valid_frame,3,18,4620,1465983.331844900,8,7,8,8,0,919,453,229,192,918,452,229,192,995.063,573.468,1074.308,530.092,79.2453,-43.3756,0.0000,1,1,4563,新 AOI 后首个已接收有效双星样本
1787903586.741000,request,3,19,5523,1465992.362119500,8,8,9,0,0,885,427,228,193,0,0,64,64,958.976,544.718,1038.190,501.105,79.2135,-43.6125,0.0000,1,0,0,有效双星
1787903586.796000,applied,3,19,0,0.000000000,0,8,9,9,0,885,427,228,193,884,426,228,193,0.000,0.000,0.000,0.000,0.0000,0.0000,0.0000,0,0,0,相机已应用读回 AOI
1787903586.800000,first_valid_frame,3,19,5524,1465992.419952000,9,8,9,9,0,885,427,228,193,884,426,228,193,942.196,558.261,1021.992,515.043,79.7954,-43.2188,0.0000,1,1,5466,新 AOI 后首个已接收有效双星样本
1787903587.750000,request,3,20,5619,1465993.369954900,9,9,10,0,0,821,354,229,178,0,0,64,64,894.823,456.636,974.560,428.453,79.7366,-28.1825,0.0000,1,0,0,有效双星
1787903587.794000,applied,3,20,0,0.000000000,0,9,10,10,0,821,354,229,178,820,354,229,178,0.000,0.000,0.000,0.000,0.0000,0.0000,0.0000,0,0,0,相机已应用读回 AOI
1787903587.798000,sample_rejected,3,20,5620,1465993.417589600,10,9,10,10,0,821,354,229,178,820,354,229,178,889.891,453.867,969.137,410.096,0.0000,0.0000,15.5961,0,0,5544,双星差分跳变 15.596 px，已拒绝该样本
1787903587.808000,sample_rejected,3,20,5621,1465993.427790600,10,9,10,10,0,821,354,229,178,820,354,229,178,890.912,449.915,970.203,406.120,0.0000,0.0000,15.6187,0,0,5544,双星差分跳变 15.619 px，已拒绝该样本
1787903587.818000,sample_rejected,3,20,5622,1465993.437536300,10,9,10,10,0,821,354,229,178,820,354,229,178,893.112,448.997,972.997,405.100,0.0000,0.0000,15.7156,0,0,5544,双星差分跳变 15.716 px，已拒绝该样本
1787903587.828000,sample_rejected,3,20,5623,1465993.447684300,10,9,10,10,0,821,354,229,178,820,354,229,178,896.016,451.232,975.273,408.045,0.0000,0.0000,15.0123,0,0,5544,双星差分跳变 15.012 px，已拒绝该样本
1787903587.838000,sample_rejected,3,20,5624,1465993.457545400,10,9,10,10,0,821,354,229,178,820,354,229,178,897.060,455.294,976.334,412.072,0.0000,0.0000,15.0465,0,0,5544,双星差分跳变 15.046 px，已拒绝该样本
1787903587.848000,sample_rejected,3,20,5625,1465993.467535900,10,9,10,10,0,821,354,229,178,820,354,229,178,895.996,459.138,975.258,415.161,0.0000,0.0000,15.8016,0,0,5544,双星差分跳变 15.802 px，已拒绝该样本
1787903587.858000,sample_rejected,3,20,5626,1465993.477686600,10,9,10,10,0,821,354,229,178,820,354,229,178,892.966,460.994,972.228,417.136,0.0000,0.0000,15.6830,0,0,5544,双星差分跳变 15.683 px，已拒绝该样本
1787903587.868000,sample_rejected,3,20,5627,1465993.487546200,10,9,10,10,0,821,354,229,178,820,354,229,178,889.824,460.441,969.100,417.050,0.0000,0.0000,15.2159,0,0,5544,双星差分跳变 15.216 px，已拒绝该样本
1787903587.876000,sample_rejected,3,20,5628,1465993.497559800,10,9,10,10,0,821,354,229,178,820,354,229,178,887.976,458.052,967.268,414.156,0.0000,0.0000,15.7206,0,0,5544,双星差分跳变 15.721 px，已拒绝该样本
1787903587.888000,sample_rejected,3,20,5629,1465993.507560000,10,9,10,10,0,821,354,229,178,820,354,229,178,888.946,455.076,968.247,411.149,0.0000,0.0000,15.7505,0,0,5544,双星差分跳变 15.750 px，已拒绝该样本
1787903587.888000,relocalize,4,21,5629,1465993.507560000,10,10,0,0,0,0,0,1920,1200,0,0,64,64,0.000,0.000,0.000,0.000,0.0000,0.0000,0.0000,0,0,0,双星差分跳变 15.750 px，已拒绝该样本
1787903587.939000,applied,4,21,0,0.000000000,0,10,0,0,0,0,0,1920,1200,0,0,1920,1200,0.000,0.000,0.000,0.000,0.0000,0.0000,0.0000,0,0,0,相机已应用读回 AOI
1787903588.152000,request,4,22,5630,1465993.756543500,0,0,1,0,0,820,341,228,192,0,0,64,64,893.949,458.208,972.579,415.109,0.0000,0.0000,0.0000,1,0,0,全画幅定位成功，已选择面积最大的两个有效连通域
1787903588.219000,applied,4,22,0,0.000000000,0,0,1,1,0,820,341,228,192,820,340,228,192,0.000,0.000,0.000,0.000,0.0000,0.0000,0.0000,0,0,0,相机已应用读回 AOI
1787903588.222000,first_valid_frame,4,22,5631,1465993.843062100,1,0,1,1,0,820,341,228,192,820,340,228,192,892.161,456.073,972.049,412.113,79.8875,-43.9603,0.0000,1,1,5545,新 AOI 后首个已接收有效双星样本
