timestamp_s,aoi_epoch,aoi_transition_id,frame_index_after_apply,frame_sequence,frame_timestamp_s,frame_generation,source_rect_x,source_rect_y,source_rect_width,source_rect_height,applied_aoi_x,applied_aoi_y,applied_aoi_width,applied_aoi_height,star_a_x_px,star_a_y_px,star_a_peak_intensity,star_a_component_area_px,star_b_x_px,star_b_y_px,star_b_peak_intensity,star_b_component_area_px,longitudinal_px,transverse_px,differential_jump_px,star_a_valid,star_b_valid,valid_pair,sample_accepted,differential_continuity_rejected,request_full_frame_relocalization,diagnostic
1787905248.712000,0,1,1,1,1467654.331115900,1,818,338,229,194,818,338,229,194,893.132,456.530,255.000,0,973.014,412.070,255.000,0,79.8820,-44.4600,0.6060,1,1,1,1,0,0,有效双星
1787905248.721000,0,1,2,2,1467654.341078800,1,818,338,229,194,818,338,229,194,893.853,456.639,255.000,0,973.051,412.088,255.000,0,79.1976,-44.5508,0.6903,1,1,1,1,0,0,有效双星
1787905248.730000,0,1,3,3,1467654.351215100,1,818,338,229,194,818,338,229,194,893.190,456.639,255.000,0,973.081,412.093,255.000,0,79.8911,-44.5466,0.6935,1,1,1,1,0,0,有效双星
1787905248.741000,0,1,4,4,1467654.361097800,1,818,338,229,194,818,338,229,194,893.187,456.621,255.000,0,973.089,412.096,255.000,0,79.9021,-44.5248,0.0244,1,1,1,1,0,0,有效双星
1787905248.750000,0,1,5,5,1467654.371055000,1,818,338,229,194,818,338,229,194,893.826,456.635,255.000,0,973.055,412.093,255.000,0,79.2286,-44.5421,0.6737,1,1,1,1,0,0,有效双星
1787905248.760000,0,1,6,6,1467654.381062400,1,818,338,229,194,818,338,229,194,893.126,456.680,255.000,0,972.984,412.087,255.000,0,79.8585,-44.5931,0.6320,1,1,1,1,0,0,有效双星
1787905248.770000,0,1,7,7,1467654.391062000,1,818,338,229,194,818,338,229,194,893.097,456.639,255.000,0,972.363,412.119,255.000,0,79.2665,-44.5204,0.5965,1,1,1,1,0,0,有效双星
1787905248.780000,0,1,8,8,1467654.401044900,1,818,338,229,194,818,338,229,194,893.071,456.534,255.000,0,972.343,412.099,255.000,0,79.2721,-44.4346,0.0859,1,1,1,1,0,0,有效双星
1787905248.790000,0,1,9,9,1467654.411063300,1,818,338,229,194,818,338,229,194,893.065,456.499,255.000,0,972.367,412.109,255.000,0,79.3019,-44.3896,0.0540,1,1,1,1,0,0,有效双星
1787905248.801000,0,1,10,10,1467654.421234200,1,818,338,229,194,818,338,229,194,893.786,456.564,255.000,0,973.018,412.083,255.000,0,79.2326,-44.4815,0.1151,1,1,1,1,0,0,有效双星
1787905248.810000,0,1,11,11,1467654.431079700,1,818,338,229,194,818,338,229,194,893.892,456.672,255.000,0,973.135,412.105,255.000,0,79.2428,-44.5678,0.0869,1,1,1,1,0,0,有效双星
1787905248.821000,0,1,12,12,1467654.441051800,1,818,338,229,194,818,338,229,194,893.898,456.657,255.000,0,973.172,412.118,255.000,0,79.2734,-44.5390,0.0420,1,1,1,1,0,0,有效双星
1787905248.830000,0,1,13,13,1467654.451061800,1,818,338,229,194,818,338,229,194,893.872,456.682,255.000,0,973.093,412.098,255.000,0,79.2215,-44.5841,0.0688,1,1,1,1,0,0,有效双星
1787905248.841000,0,1,14,14,1467654.461077800,1,818,338,229,194,818,338,229,194,893.114,456.520,255.000,0,972.394,412.108,255.000,0,79.2800,-44.4115,0.1823,1,1,1,1,0,0,有效双星
1787905248.850000,0,1,15,15,1467654.471080800,1,818,338,229,194,818,338,229,194,893.021,456.132,255.000,0,972.318,412.071,255.000,0,79.2965,-44.0613,0.3506,1,1,1,1,0,0,有效双星
1787905248.860000,0,1,16,16,1467654.481122700,1,818,338,229,194,818,338,229,194,893.082,456.261,255.000,0,972.340,412.081,255.000,0,79.2579,-44.1798,0.1246,1,1,1,1,0,0,有效双星
1787905248.872000,0,1,17,17,1467654.491835000,1,818,338,229,194,818,338,229,194,893.141,456.540,255.000,0,973.031,412.075,255.000,0,79.8900,-44.4649,0.6934,1,1,1,1,0,0,有效双星
1787905248.880000,0,1,18,18,1467654.501084700,1,818,338,229,194,818,338,229,194,893.899,456.652,255.000,0,973.177,412.112,255.000,0,79.2779,-44.5407,0.6168,1,1,1,1,0,0,有效双星
1787905248.890000,0,1,19,19,1467654.511046600,1,818,338,229,194,818,338,229,194,893.939,456.729,255.000,0,973.182,412.117,255.000,0,79.2432,-44.6116,0.0789,1,1,1,1,0,0,有效双星
1787905248.900000,0,1,20,20,1467654.521142200,1,818,338,229,194,818,338,229,194,893.179,456.570,255.000,0,973.073,412.079,255.000,0,79.8938,-44.4908,0.6618,1,1,1,1,0,0,有效双星
1787905248.910000,0,1,21,21,1467654.531081700,1,818,338,229,194,818,338,229,194,893.167,456.377,255.000,0,972.383,412.094,255.000,0,79.2160,-44.2825,0.7092,1,1,1,1,0,0,有效双星
1787905248.920000,0,1,22,22,1467654.541069500,1,818,338,229,194,818,338,229,194,893.078,456.274,255.000,0,972.353,412.091,255.000,0,79.2748,-44.1821,0.1163,1,1,1,1,0,0,有效双星
1787905248.935000,0,1,23,23,1467654.551075600,1,818,338,229,194,818,338,229,194,893.091,456.607,255.000,0,972.391,412.133,255.000,0,79.2996,-44.4743,0.2932,1,1,1,1,0,0,有效双星
1787905248.940000,0,1,24,24,1467654.561063900,1,818,338,229,194,818,338,229,194,893.792,456.644,255.000,0,973.035,412.096,255.000,0,79.2427,-44.5484,0.0934,1,1,1,1,0,0,有效双星
1787905248.950000,0,1,25,25,1467654.571054600,1,818,338,229,194,818,338,229,194,893.157,456.620,255.000,0,973.050,412.086,255.000,0,79.8932,-44.5339,0.6506,1,1,1,1,0,0,有效双星
1787905248.960000,0,1,26,26,1467654.581077200,1,818,338,229,194,818,338,229,194,893.141,456.549,255.000,0,973.015,412.071,255.000,0,79.8745,-44.4781,0.0589,1,1,1,1,0,0,有效双星
1787905248.970000,0,1,27,27,1467654.591248100,1,818,338,229,194,818,338,229,194,893.135,456.544,255.000,0,973.001,412.061,255.000,0,79.8661,-44.4830,0.0097,1,1,1,1,0,0,有效双星
1787905248.980000,0,1,28,28,1467654.601081600,1,818,338,229,194,818,338,229,194,893.788,456.497,255.000,0,973.032,412.074,255.000,0,79.2441,-44.4236,0.6248,1,1,1,1,0,0,有效双星
1787905248.990000,0,1,29,29,1467654.611077700,1,818,338,229,194,818,338,229,194,893.814,456.632,255.000,0,973.053,412.097,255.000,0,79.2390,-44.5349,0.1115,1,1,1,1,0,0,有效双星
1787905249.000000,0,1,30,30,1467654.621070000,1,818,338,229,194,818,338,229,194,893.793,456.687,255.000,0,973.009,412.100,255.000,0,79.2162,-44.5866,0.0565,1,1,1,1,0,0,有效双星
1787905249.010000,0,1,31,31,1467654.631054100,1,818,338,229,194,818,338,229,194,893.106,456.615,255.000,0,972.957,412.073,255.000,0,79.8519,-44.5423,0.6373,1,1,1,1,0,0,有效双星
1787905249.020000,0,1,32,32,1467654.641109900,1,818,338,229,194,818,338,229,194,893.069,456.468,255.000,0,972.366,412.101,255.000,0,79.2970,-44.3667,0.5820,1,1,1,1,0,0,有效双星
1787905249.030000,0,1,33,33,1467654.651070900,1,818,338,229,194,818,338,229,194,893.102,456.481,255.000,0,972.400,412.110,255.000,0,79.2985,-44.3708,0.0044,1,1,1,1,0,0,有效双星
1787905249.040000,0,1,34,34,1467654.661091300,1,818,338,229,194,818,338,229,194,893.143,456.531,255.000,0,973.050,412.076,255.000,0,79.9074,-44.4546,0.6147,1,1,1,1,0,0,有效双星
1787905249.050000,0,1,35,35,1467654.671064900,1,818,338,229,194,818,338,229,194,893.844,456.515,255.000,0,973.112,412.086,255.000,0,79.2681,-44.4293,0.6398,1,1,1,1,0,0,有效双星
1787905249.060000,0,1,36,36,1467654.681093300,1,818,338,229,194,818,338,229,194,893.841,456.486,255.000,0,973.104,412.080,255.000,0,79.2630,-44.4060,0.0238,1,1,1,1,0,0,有效双星
1787905249.071000,0,1,37,37,1467654.691077300,1,818,338,229,194,818,338,229,194,893.179,456.555,255.000,0,973.051,412.071,255.000,0,79.8720,-44.4846,0.6141,1,1,1,1,0,0,有效双星
1787905249.080000,0,1,38,38,1467654.701066000,1,818,338,229,194,818,338,229,194,893.175,456.628,255.000,0,973.006,412.066,255.000,0,79.8309,-44.5624,0.0880,1,1,1,1,0,0,有效双星
1787905249.090000,0,1,39,39,1467654.711063300,1,818,338,229,194,818,338,229,194,893.110,456.521,255.000,0,972.989,412.063,255.000,0,79.8792,-44.4581,0.1149,1,1,1,1,0,0,有效双星
1787905249.100000,0,1,40,40,1467654.721063800,1,818,338,229,194,818,338,229,194,893.087,456.461,255.000,0,972.977,412.058,255.000,0,79.8897,-44.4030,0.0561,1,1,1,1,0,0,有效双星
1787905249.111000,0,1,41,41,1467654.731057400,1,818,338,229,194,818,338,229,194,893.134,456.287,255.000,0,972.400,412.097,255.000,0,79.2659,-44.1895,0.6593,1,1,1,1,0,0,有效双星
1787905249.129000,0,1,42,42,1467654.741567000,1,818,338,229,194,818,338,229,194,893.148,456.244,255.000,0,973.012,412.043,255.000,0,79.8635,-44.2011,0.5977,1,1,1,1,0,0,有效双星
1787905249.131000,0,1,43,43,1467654.751067900,1,818,338,229,194,818,338,229,194,893.828,456.489,255.000,0,973.084,412.078,255.000,0,79.2563,-44.4110,0.6425,1,1,1,1,0,0,有效双星
1787905249.141000,0,1,44,44,1467654.761052100,1,818,338,229,194,818,338,229,194,893.881,456.646,255.000,0,973.149,412.112,255.000,0,79.2679,-44.5340,0.1235,1,1,1,1,0,0,有效双星
1787905249.150000,0,1,45,45,1467654.771066100,1,818,338,229,194,818,338,229,194,893.857,456.663,255.000,0,973.125,412.114,255.000,0,79.2679,-44.5487,0.0147,1,1,1,1,0,0,有效双星
1787905249.161000,0,1,46,46,1467654.781058300,1,818,338,229,194,818,338,229,194,893.149,456.631,255.000,0,973.006,412.078,255.000,0,79.8572,-44.5529,0.5893,1,1,1,1,0,0,有效双星
1787905249.170000,0,1,47,47,1467654.791054600,1,818,338,229,194,818,338,229,194,893.067,456.301,255.000,0,972.317,412.088,255.000,0,79.2508,-44.2135,0.6949,1,1,1,1,0,0,有效双星
1787905249.183000,0,1,48,48,1467654.801254700,1,818,338,229,194,818,338,229,194,893.054,456.233,255.000,0,972.307,412.070,255.000,0,79.2533,-44.1626,0.0510,1,1,1,1,0,0,有效双星
1787905249.190000,0,1,49,49,1467654.811061200,1,818,338,229,194,818,338,229,194,893.115,456.299,255.000,0,972.389,412.101,255.000,0,79.2740,-44.1977,0.0407,1,1,1,1,0,0,有效双星
1787905249.201000,0,1,50,50,1467654.821094400,1,818,338,229,194,818,338,229,194,893.831,456.553,255.000,0,973.106,412.093,255.000,0,79.2755,-44.4593,0.2617,1,1,1,1,0,0,有效双星
1787905260.631000,0,2,1,1190,1467666.251080000,2,854,370,228,194,854,370,228,194,927.840,483.147,255.000,0,1006.330,439.107,255.000,0,78.4899,-44.0406,0.8286,1,1,1,1,0,0,有效双星
1787905260.640000,0,2,2,1191,1467666.261073000,2,854,370,228,194,854,370,228,194,927.029,485.232,255.000,0,1006.187,441.116,255.000,0,79.1578,-44.1155,0.6720,1,1,1,1,0,0,有效双星
1787905260.651000,0,2,3,1192,1467666.271055500,2,854,370,228,194,854,370,228,194,928.789,488.454,255.000,0,1007.363,444.152,255.000,0,78.5739,-44.3015,0.6128,1,1,1,1,0,0,有效双星
1787905260.660000,0,2,4,1193,1467666.281066500,2,854,370,228,194,854,370,228,194,930.898,490.808,255.000,0,1010.023,446.143,255.000,0,79.1246,-44.6647,0.6597,1,1,1,1,0,0,有效双星
1787905260.670000,0,2,5,1194,1467666.291192400,2,854,370,228,194,854,370,228,194,931.955,490.996,255.000,0,1011.231,447.100,255.000,0,79.2759,-43.8961,0.7833,1,1,1,1,0,0,有效双星
1787905260.684000,0,2,6,1195,1467666.301067700,2,854,370,228,194,854,370,228,194,932.115,490.008,255.000,0,1011.320,446.089,255.000,0,79.2049,-43.9192,0.0747,1,1,1,1,0,0,有效双星
1787905260.691000,0,2,7,1196,1467666.311065800,2,854,370,228,194,854,370,228,194,931.182,488.144,255.000,0,1010.984,444.079,255.000,0,79.8014,-44.0650,0.6141,1,1,1,1,0,0,有效双星
1787905260.700000,0,2,8,1197,1467666.321085800,2,854,370,228,194,854,370,228,194,930.916,487.046,255.000,0,1010.138,443.097,255.000,0,79.2218,-43.9495,0.5909,1,1,1,1,0,0,有效双星
1787905260.711000,0,2,9,1198,1467666.331076500,2,854,370,228,194,854,370,228,194,931.127,488.027,255.000,0,1010.265,443.193,255.000,0,79.1374,-44.8339,0.8884,1,1,1,1,0,0,有效双星
1787905260.720000,0,2,10,1199,1467666.341110900,2,854,370,228,194,854,370,228,194,932.033,489.862,255.000,0,1011.265,446.072,255.000,0,79.2318,-43.7904,1.0478,1,1,1,1,0,0,有效双星
1787905260.731000,0,2,11,1200,1467666.351090700,2,854,370,228,194,854,370,228,194,933.043,492.844,255.000,0,1012.201,448.157,255.000,0,79.1577,-44.6872,0.8999,1,1,1,1,0,0,有效双星
1787905260.740000,0,2,12,1201,1467666.361109100,2,854,370,228,194,854,370,228,194,932.926,495.515,255.000,0,1012.165,451.137,255.000,0,79.2387,-44.3784,0.3192,1,1,1,1,0,0,有效双星
1787905260.750000,0,2,13,1202,1467666.371065900,2,854,370,228,194,854,370,228,194,931.991,497.975,255.000,0,1011.207,454.069,255.000,0,79.2161,-43.9062,0.4727,1,1,1,1,0,0,有效双星
1787905260.760000,0,2,14,1203,1467666.381058300,2,854,370,228,194,854,370,228,194,930.893,499.596,255.000,0,1010.101,455.136,255.000,0,79.2081,-44.4600,0.5538,1,1,1,1,0,0,有效双星
1787905260.770000,0,2,15,1204,1467666.391064700,2,854,370,228,194,854,370,228,194,929.852,499.740,255.000,0,1009.096,456.040,255.000,0,79.2441,-43.6999,0.7609,1,1,1,1,0,0,有效双星
1787905260.780000,0,2,16,1205,1467666.401194200,2,854,370,228,194,854,370,228,194,929.811,498.944,255.000,0,1008.395,455.092,255.000,0,78.5839,-43.8524,0.6775,1,1,1,1,0,0,有效双星
1787905260.791000,0,2,17,1206,1467666.411089700,2,854,370,228,194,854,370,228,194,930.800,497.676,255.000,0,1010.020,453.146,255.000,0,79.2194,-44.5304,0.9294,1,1,1,1,0,0,有效双星
1787905260.800000,0,2,18,1207,1467666.421067800,2,854,370,228,194,854,370,228,194,933.167,497.263,255.000,0,1012.379,453.131,255.000,0,79.2120,-44.1328,0.3977,1,1,1,1,0,0,有效双星
1787905260.810000,0,2,19,1208,1467666.431097900,2,854,370,228,194,854,370,228,194,938.083,498.099,255.000,0,1017.247,454.087,255.000,0,79.1635,-44.0120,0.1302,1,1,1,1,0,0,有效双星
1787905260.820000,0,2,20,1209,1467666.441067700,2,854,370,228,194,854,370,228,194,944.129,500.083,255.000,0,1023.324,456.113,255.000,0,79.1952,-43.9705,0.0523,1,1,1,1,0,0,有效双星
1787905260.831000,0,2,21,1210,1467666.451079100,2,854,370,228,194,854,370,228,194,951.968,503.965,255.000,0,1031.094,460.056,255.000,0,79.1256,-43.9089,0.0929,1,1,1,1,0,0,有效双星
1787905260.840000,0,2,22,1211,1467666.461089800,2,854,370,228,194,854,370,228,194,958.992,508.879,255.000,0,1038.233,464.196,255.000,0,79.2405,-44.6830,0.7825,1,1,1,1,0,0,有效双星
1787905260.851000,0,2,23,1212,1467666.471089700,2,854,370,228,194,854,370,228,194,963.100,511.948,255.000,0,1042.400,468.113,255.000,0,79.2995,-43.8343,0.8508,1,1,1,1,0,0,有效双星
1787905260.860000,0,2,24,1213,1467666.481084900,2,854,370,228,194,854,370,228,194,962.040,511.635,255.000,0,1041.286,467.165,255.000,0,79.2459,-44.4703,0.6382,1,1,1,1,0,0,有效双星
1787905260.871000,0,2,25,1214,1467666.491534900,2,854,370,228,194,854,370,228,194,955.134,508.904,255.000,0,1035.000,465.068,255.000,0,79.8662,-43.8360,0.8872,1,1,1,1,0,0,有效双星
1787905260.880000,0,2,26,1215,1467666.501111700,2,854,370,228,194,854,370,228,194,947.941,507.550,255.000,0,1027.071,463.131,255.000,0,79.1297,-44.4182,0.9389,1,1,1,1,0,0,有效双星
1787905260.891000,0,2,27,1216,1467666.511079400,2,854,370,228,194,854,370,228,194,942.988,508.094,255.000,0,1022.139,464.101,255.000,0,79.1504,-43.9932,0.4256,1,1,1,1,0,0,有效双星
1787905260.900000,0,2,28,1217,1467666.521073400,2,854,370,228,194,854,370,228,194,942.969,509.876,255.000,0,1022.123,466.059,255.000,0,79.1535,-43.8170,0.1762,1,1,1,1,0,0,有效双星
1787905260.911000,0,2,29,1218,1467666.531079200,2,854,370,228,194,854,370,228,194,946.899,510.686,255.000,0,1026.057,466.158,255.000,0,79.1587,-44.5281,0.7112,1,1,1,1,0,0,有效双星
1787905260.920000,0,2,30,1219,1467666.541085000,2,854,370,228,194,854,370,228,194,951.938,510.283,255.000,0,1031.137,466.134,255.000,0,79.1984,-44.1486,0.3816,1,1,1,1,0,0,有效双星
1787905260.936000,0,2,31,1220,1467666.551092300,2,854,370,228,194,854,370,228,194,956.107,511.025,255.000,0,1035.359,467.114,255.000,0,79.2525,-43.9110,0.2437,1,1,1,1,0,0,有效双星
1787905260.940000,0,2,32,1221,1467666.561063600,2,854,370,228,194,854,370,228,194,959.877,514.037,255.000,0,1039.075,470.070,255.000,0,79.1979,-43.9672,0.0784,1,1,1,1,0,0,有效双星
1787905260.951000,0,2,33,1222,1467666.571196000,2,854,370,228,194,854,370,228,194,961.201,517.663,255.000,0,1041.043,473.140,255.000,0,79.8423,-44.5233,0.8512,1,1,1,1,0,0,有效双星
1787905260.960000,0,2,34,1223,1467666.581077700,2,854,370,228,194,854,370,228,194,961.014,518.084,255.000,0,1040.238,474.098,255.000,0,79.2236,-43.9864,0.8191,1,1,1,1,0,0,有效双星
1787905260.970000,0,2,35,1224,1467666.591082000,2,854,370,228,194,854,370,228,194,958.014,514.210,255.000,0,1037.233,470.109,255.000,0,79.2193,-44.1008,0.1144,1,1,1,1,0,0,有效双星
1787905260.980000,0,2,36,1225,1467666.601086700,2,854,370,228,194,854,370,228,194,954.162,508.757,255.000,0,1033.389,464.202,255.000,0,79.2265,-44.5558,0.4551,1,1,1,1,0,0,有效双星
1787905260.990000,0,2,37,1226,1467666.611088700,2,854,370,228,194,854,370,228,194,952.849,506.193,255.000,0,1032.019,462.113,255.000,0,79.1705,-44.0793,0.4798,1,1,1,1,0,0,有效双星
1787905261.000000,0,2,38,1227,1467666.621089200,2,854,370,228,194,854,370,228,194,953.005,509.818,255.000,0,1032.198,465.178,255.000,0,79.1932,-44.6391,0.5603,1,1,1,1,0,0,有效双星
1787905261.010000,0,2,39,1228,1467666.631077300,2,854,370,228,194,854,370,228,194,953.884,516.807,255.000,0,1033.089,473.033,255.000,0,79.2046,-43.7736,0.8656,1,1,1,1,0,0,有效双星
1787905261.020000,0,2,40,1229,1467666.641072700,2,854,370,228,194,854,370,228,194,952.947,522.262,255.000,0,1032.135,478.113,255.000,0,79.1888,-44.1486,0.3753,1,1,1,1,0,0,有效双星
1787905261.030000,0,2,41,1230,1467666.651111600,2,854,370,228,194,854,370,228,194,950.025,522.815,255.000,0,1029.230,478.176,255.000,0,79.2054,-44.6384,0.4901,1,1,1,1,0,0,有效双星
1787905261.040000,0,2,42,1231,1467666.661120800,2,854,370,228,194,854,370,228,194,947.158,518.208,255.000,0,1027.051,474.120,255.000,0,79.8924,-44.0879,0.8804,1,1,1,1,0,0,有效双星
1787905261.051000,0,2,43,1232,1467666.671199000,2,854,370,228,194,854,370,228,194,948.065,512.518,255.000,0,1027.273,468.149,255.000,0,79.2075,-44.3690,0.7403,1,1,1,1,0,0,有效双星
1787905261.060000,0,2,44,1233,1467666.681083600,2,854,370,228,194,854,370,228,194,951.844,507.746,255.000,0,1031.051,464.042,255.000,0,79.2064,-43.7045,0.6645,1,1,1,1,0,0,有效双星
1787905261.071000,0,2,45,1234,1467666.691064500,2,854,370,228,194,854,370,228,194,955.207,506.223,255.000,0,1034.392,462.131,255.000,0,79.1845,-44.0914,0.3875,1,1,1,1,0,0,有效双星
1787905261.080000,0,2,46,1235,1467666.701078400,2,854,370,228,194,854,370,228,194,956.814,507.582,255.000,0,1035.400,463.177,255.000,0,78.5854,-44.4048,0.6762,1,1,1,1,0,0,有效双星
1787905261.091000,0,2,47,1236,1467666.711064000,2,854,370,228,194,854,370,228,194,954.128,511.252,255.000,0,1033.366,467.143,255.000,0,79.2378,-44.1094,0.7162,1,1,1,1,0,0,有效双星
1787905261.100000,0,2,48,1237,1467666.721079000,2,854,370,228,194,854,370,228,194,950.969,516.827,255.000,0,1030.188,472.178,255.000,0,79.2185,-44.6494,0.5403,1,1,1,1,0,0,有效双星
1787905261.110000,0,2,49,1238,1467666.731077800,2,854,370,228,194,854,370,228,194,948.958,522.092,255.000,0,1028.213,478.103,255.000,0,79.2550,-43.9889,0.6615,1,1,1,1,0,0,有效双星
1787905261.121000,0,2,50,1239,1467666.741220300,2,854,370,228,194,854,370,228,194,948.089,524.142,255.000,0,1027.308,480.104,255.000,0,79.2185,-44.0372,0.0605,1,1,1,1,0,0,有效双星
1787905267.387000,0,3,1,1862,1467673.006643300,3,886,378,229,193,886,378,229,193,978.118,474.602,255.000,0,1058.029,430.132,255.000,0,79.9116,-44.4701,0.2575,1,1,1,1,0,0,有效双星
1787905267.396000,0,3,2,1863,1467673.016450300,3,886,378,229,193,886,378,229,193,988.918,466.548,255.000,0,1068.215,422.145,255.000,0,79.2976,-44.4026,0.6177,1,1,1,1,0,0,有效双星
1787905267.406000,0,3,3,1864,1467673.026462900,3,886,378,229,193,886,378,229,193,1003.183,455.309,255.000,0,1082.987,411.069,255.000,0,79.8039,-44.2399,0.5318,1,1,1,1,0,0,有效双星
1787905267.416000,0,3,4,1865,1467673.036469100,3,886,378,229,193,886,378,229,193,1021.006,439.757,255.000,0,1100.410,396.083,255.000,0,79.4047,-43.6743,0.6922,1,1,1,1,0,0,有效双星
1787905267.427000,0,3,5,1866,1467673.046467900,3,886,378,229,193,886,378,229,193,1042.115,421.272,255.000,0,1105.192,382.885,255.000,0,0.0000,0.0000,17.1632,1,1,0,0,1,0,双星差分跳变 17.163 px，已拒绝该样本
1787905267.436000,0,3,6,1867,1467673.056525600,3,886,378,229,193,886,378,229,193,0.000,0.000,0.000,0,0.000,0.000,0.000,0,0.0000,0.0000,0.0000,0,0,0,0,0,0,AOI 内候选连通域不足两个（当前 1 个）
1787905267.446000,0,3,7,1868,1467673.066486400,3,886,378,229,193,886,378,229,193,0.000,0.000,0.000,0,0.000,0.000,0.000,0,0.0000,0.0000,0.0000,0,0,0,0,0,0,AOI 内候选连通域不足两个（当前 1 个）
1787905267.456000,0,3,8,1869,1467673.076721900,3,886,378,229,193,886,378,229,193,0.000,0.000,0.000,0,0.000,0.000,0.000,0,0.0000,0.0000,0.0000,0,0,0,0,0,0,AOI 内候选连通域不足两个（当前 1 个）
1787905267.467000,0,3,9,1870,1467673.086475400,3,886,378,229,193,886,378,229,193,0.000,0.000,0.000,0,0.000,0.000,0.000,0,0.0000,0.0000,0.0000,0,0,0,0,0,0,AOI 内候选连通域不足两个（当前 1 个）
1787905267.477000,0,3,10,1871,1467673.096467700,3,886,378,229,193,886,378,229,193,0.000,0.000,0.000,0,0.000,0.000,0.000,0,0.0000,0.0000,0.0000,0,0,0,0,0,0,AOI 内双星候选未达到最小间距
1787905267.486000,0,3,11,1872,1467673.106476100,3,886,378,229,193,886,378,229,193,0.000,0.000,0.000,0,0.000,0.000,0.000,0,0.0000,0.0000,0.0000,0,0,0,0,0,0,AOI 内候选连通域不足两个（当前 1 个）
1787905267.498000,0,3,12,1873,1467673.117479900,3,886,378,229,193,886,378,229,193,1060.308,382.605,4.000,0,1099.470,386.811,6.000,0,0.0000,0.0000,62.5459,1,1,0,0,1,0,双星差分跳变 62.546 px，已拒绝该样本
1787905267.506000,0,3,13,1874,1467673.126466500,3,886,378,229,193,886,378,229,193,0.000,0.000,0.000,0,0.000,0.000,0.000,0,0.0000,0.0000,0.0000,0,0,0,0,0,0,AOI 内候选连通域不足两个（当前 1 个）
1787905267.517000,0,3,14,1875,1467673.136514700,3,886,378,229,193,886,378,229,193,0.000,0.000,0.000,0,0.000,0.000,0.000,0,0.0000,0.0000,0.0000,0,0,0,0,0,1,AOI 内候选连通域不足两个（当前 1 个）
1787905267.774000,1,4,1,1876,1467673.378676800,0,0,0,1920,1200,0,0,1920,1200,1065.891,409.527,255.000,0,1144.631,365.188,255.000,0,78.7397,-44.3385,0.0000,1,1,1,0,0,0,全画幅定位成功，已选择面积最大的两个有效连通域
1787905267.820000,1,5,1,1877,1467673.440628400,1,992,290,228,194,992,290,228,194,0.000,0.000,0.000,0,0.000,0.000,0.000,0,0.0000,0.0000,0.0000,0,0,0,0,0,0,AOI 内候选连通域不足两个（当前 1 个）
1787905267.830000,1,5,2,1878,1467673.450617500,1,992,290,228,194,992,290,228,194,0.000,0.000,0.000,0,0.000,0.000,0.000,0,0.0000,0.0000,0.0000,0,0,0,0,0,0,AOI 内双星候选未达到最小间距
1787905267.840000,1,5,3,1879,1467673.460617600,1,992,290,228,194,992,290,228,194,0.000,0.000,0.000,0,0.000,0.000,0.000,0,0.0000,0.0000,0.0000,0,0,0,0,0,0,AOI 内候选连通域不足两个（当前 1 个）
1787905267.850000,1,5,4,1880,1467673.470616800,1,992,290,228,194,992,290,228,194,0.000,0.000,0.000,0,0.000,0.000,0.000,0,0.0000,0.0000,0.0000,0,0,0,0,0,0,AOI 内候选连通域不足两个（当前 1 个）
1787905267.860000,1,5,5,1881,1467673.480614500,1,992,290,228,194,992,290,228,194,0.000,0.000,0.000,0,0.000,0.000,0.000,0,0.0000,0.0000,0.0000,0,0,0,0,0,0,AOI 内双星候选未达到最小间距
1787905267.870000,1,5,6,1882,1467673.490665900,1,992,290,228,194,992,290,228,194,0.000,0.000,0.000,0,0.000,0.000,0.000,0,0.0000,0.0000,0.0000,0,0,0,0,0,0,AOI 内双星候选未达到最小间距
1787905267.881000,1,5,7,1883,1467673.500641100,1,992,290,228,194,992,290,228,194,0.000,0.000,0.000,0,0.000,0.000,0.000,0,0.0000,0.0000,0.0000,0,0,0,0,0,0,AOI 内双星候选未达到最小间距
1787905267.890000,1,5,8,1884,1467673.510621700,1,992,290,228,194,992,290,228,194,0.000,0.000,0.000,0,0.000,0.000,0.000,0,0.0000,0.0000,0.0000,0,0,0,0,0,0,AOI 内双星候选未达到最小间距
1787905267.901000,1,5,9,1885,1467673.520656000,1,992,290,228,194,992,290,228,194,0.000,0.000,0.000,0,0.000,0.000,0.000,0,0.0000,0.0000,0.0000,0,0,0,0,0,0,AOI 内候选连通域不足两个（当前 1 个）
1787905267.911000,1,5,10,1886,1467673.530643100,1,992,290,228,194,992,290,228,194,0.000,0.000,0.000,0,0.000,0.000,0.000,0,0.0000,0.0000,0.0000,0,0,0,0,0,1,AOI 内候选连通域不足两个（当前 1 个）
1787905268.164000,2,6,1,1887,1467673.772477700,0,0,0,1920,1200,0,0,1920,1200,958.190,549.312,255.000,0,1036.710,505.181,255.000,0,78.5199,-44.1312,0.0000,1,1,1,0,0,0,全画幅定位成功，已选择面积最大的两个有效连通域
1787905268.213000,2,7,1,1888,1467673.833666500,1,884,430,228,193,884,430,228,193,1012.782,552.797,255.000,0,1091.999,508.143,255.000,0,79.2174,-44.6535,0.8714,1,1,1,0,0,0,有效双星
1787905268.254000,2,8,1,1889,1467673.874724300,2,938,434,228,194,938,434,228,194,998.827,585.641,255.000,0,1078.162,541.169,255.000,0,79.3349,-44.4726,0.2157,1,1,1,1,0,0,有效双星
1787905268.270000,2,8,2,1890,1467673.884735000,2,938,434,228,194,938,434,228,194,1001.018,587.330,255.000,0,1080.263,543.111,255.000,0,79.2443,-44.2194,0.2690,1,1,1,1,0,0,有效双星
1787905268.274000,2,8,3,1891,1467673.894712300,2,938,434,228,194,938,434,228,194,1000.993,580.335,255.000,0,1080.405,536.198,255.000,0,79.4111,-44.1371,0.1860,1,1,1,1,0,0,有效双星
1787905268.284000,2,8,4,1892,1467673.904727200,2,938,434,228,194,938,434,228,194,1000.058,569.309,255.000,0,1079.255,525.111,255.000,0,79.1973,-44.1977,0.2222,1,1,1,1,0,0,有效双星
1787905268.294000,2,8,5,1893,1467673.914745500,2,938,434,228,194,938,434,228,194,999.835,559.163,255.000,0,1079.192,515.128,255.000,0,79.3566,-44.0347,0.2280,1,1,1,1,0,0,有效双星
1787905268.305000,2,8,6,1894,1467673.924713600,2,938,434,228,194,938,434,228,194,1002.037,556.846,255.000,0,1081.381,513.077,255.000,0,79.3442,-43.7693,0.2656,1,1,1,1,0,0,有效双星
1787905268.314000,2,8,7,1895,1467673.934745600,2,938,434,228,194,938,434,228,194,1006.092,561.979,255.000,0,1085.376,518.080,255.000,0,79.2844,-43.8982,0.1421,1,1,1,1,0,0,有效双星
1787905268.324000,2,8,8,1896,1467673.944752400,2,938,434,228,194,938,434,228,194,1008.049,570.816,255.000,0,1087.378,527.098,255.000,0,79.3295,-43.7182,0.1857,1,1,1,1,0,0,有效双星
1787905268.334000,2,8,9,1897,1467673.954722400,2,938,434,228,194,938,434,228,194,1006.857,578.816,255.000,0,1086.145,534.180,255.000,0,79.2884,-44.6361,0.9189,1,1,1,1,0,0,有效双星
1787905268.344000,2,8,10,1898,1467673.964731200,2,938,434,228,194,938,434,228,194,1001.870,582.525,255.000,0,1081.211,538.158,255.000,0,79.3409,-44.3676,0.2736,1,1,1,1,0,0,有效双星
1787905268.355000,2,8,11,1899,1467673.974745800,2,938,434,228,194,938,434,228,194,996.143,581.536,255.000,0,1076.116,537.155,255.000,0,79.9724,-44.3809,0.6316,1,1,1,1,0,0,有效双星
1787905268.365000,2,8,12,1900,1467673.984781700,2,938,434,228,194,938,434,228,194,993.925,576.915,255.000,0,1073.226,533.084,255.000,0,79.3006,-43.8303,0.8686,1,1,1,1,0,0,有效双星
1787905268.374000,2,8,13,1901,1467673.994716700,2,938,434,228,194,938,434,228,194,995.105,571.220,255.000,0,1074.398,527.150,255.000,0,79.2937,-44.0699,0.2397,1,1,1,1,0,0,有效双星
1787905268.384000,2,8,14,1902,1467674.004728800,2,938,434,228,194,938,434,228,194,999.948,566.629,255.000,0,1079.268,522.178,255.000,0,79.3208,-44.4507,0.3818,1,1,1,1,0,0,有效双星
1787905268.394000,2,8,15,1903,1467674.014720800,2,938,434,228,194,938,434,228,194,1005.792,564.624,255.000,0,1085.044,520.159,255.000,0,79.2518,-44.4651,0.0705,1,1,1,1,0,0,有效双星
1787905268.404000,2,8,16,1904,1467674.024719700,2,938,434,228,194,938,434,228,194,1009.040,565.612,255.000,0,1088.363,521.176,255.000,0,79.3232,-44.4364,0.0769,1,1,1,1,0,0,有效双星
1787905268.414000,2,8,17,1905,1467674.034720600,2,938,434,228,194,938,434,228,194,1009.227,568.987,255.000,0,1089.155,525.085,255.000,0,79.9282,-43.9019,0.8074,1,1,1,1,0,0,有效双星
1787905268.424000,2,8,18,1906,1467674.044727900,2,938,434,228,194,938,434,228,194,1006.845,573.637,255.000,0,1086.131,529.183,255.000,0,79.2861,-44.4534,0.8464,1,1,1,1,0,0,有效双星
1787905268.434000,2,8,19,1907,1467674.054711900,2,938,434,228,194,938,434,228,194,1001.123,577.096,255.000,0,1081.038,533.081,255.000,0,79.9147,-44.0151,0.7663,1,1,1,1,0,0,有效双星
1787905268.444000,2,8,20,1908,1467674.064733800,2,938,434,228,194,938,434,228,194,996.018,578.015,255.000,0,1075.294,534.096,255.000,0,79.2758,-43.9193,0.6461,1,1,1,1,0,0,有效双星
1787905268.454000,2,8,21,1909,1467674.074737300,2,938,434,228,194,938,434,228,194,993.039,576.060,255.000,0,1072.313,532.104,255.000,0,79.2734,-43.9556,0.0364,1,1,1,1,0,0,有效双星
1787905268.464000,2,8,22,1910,1467674.084717900,2,938,434,228,194,938,434,228,194,994.138,572.987,255.000,0,1074.046,529.072,255.000,0,79.9085,-43.9157,0.6363,1,1,1,1,0,0,有效双星
1787905268.475000,2,8,23,1911,1467674.094815900,2,938,434,228,194,938,434,228,194,1000.007,570.979,255.000,0,1079.282,527.097,255.000,0,79.2753,-43.8829,0.6341,1,1,1,1,0,0,有效双星
1787905268.485000,2,8,24,1912,1467674.104713100,2,938,434,228,194,938,434,228,194,1006.894,570.237,255.000,0,1086.172,526.149,255.000,0,79.2779,-44.0885,0.2056,1,1,1,1,0,0,有效双星
1787905268.496000,2,8,25,1913,1467674.114724600,2,938,434,228,194,938,434,228,194,1010.182,570.187,255.000,0,1090.063,526.106,255.000,0,79.8814,-44.0814,0.6035,1,1,1,1,0,0,有效双星
1787905268.504000,2,8,26,1914,1467674.124717900,2,938,434,228,194,938,434,228,194,1009.114,569.718,255.000,0,1088.367,525.197,255.000,0,79.2533,-44.5210,0.7666,1,1,1,1,0,0,有效双星
1787905268.514000,2,8,27,1915,1467674.134724700,2,938,434,228,194,938,434,228,194,1003.996,569.068,255.000,0,1083.337,525.144,255.000,0,79.3416,-43.9231,0.6044,1,1,1,1,0,0,有效双星
1787905268.524000,2,8,28,1916,1467674.144724400,2,938,434,228,194,938,434,228,194,998.987,570.766,255.000,0,1078.266,526.203,255.000,0,79.2789,-44.5630,0.6430,1,1,1,1,0,0,有效双星
1787905268.535000,2,8,29,1917,1467674.154741900,2,938,434,228,194,938,434,228,194,995.971,573.522,255.000,0,1075.397,529.216,255.000,0,79.4263,-44.3058,0.2965,1,1,1,1,0,0,有效双星
1787905268.545000,2,8,30,1918,1467674.164721300,2,938,434,228,194,938,434,228,194,996.874,576.188,255.000,0,1076.132,532.109,255.000,0,79.2575,-44.0793,0.2825,1,1,1,1,0,0,有效双星
1787905268.554000,2,8,31,1919,1467674.174728800,2,938,434,228,194,938,434,228,194,998.941,576.271,255.000,0,1078.215,532.127,255.000,0,79.2742,-44.1445,0.0673,1,1,1,1,0,0,有效双星
1787905268.564000,2,8,32,1920,1467674.184735800,2,938,434,228,194,938,434,228,194,1001.942,574.252,255.000,0,1081.237,530.134,255.000,0,79.2947,-44.1179,0.0336,1,1,1,1,0,0,有效双星
1787905268.574000,2,8,33,1921,1467674.194785800,2,938,434,228,194,938,434,228,194,1005.103,572.306,255.000,0,1084.292,528.124,255.000,0,79.1884,-44.1812,0.1237,1,1,1,1,0,0,有效双星
1787905268.585000,2,8,34,1922,1467674.204728400,2,938,434,228,194,938,434,228,194,1007.000,570.660,255.000,0,1086.365,526.237,255.000,0,79.3649,-44.4236,0.2999,1,1,1,1,0,0,有效双星
1787905268.594000,2,8,35,1923,1467674.214724200,2,938,434,228,194,938,434,228,194,1006.849,569.963,255.000,0,1086.125,526.091,255.000,0,79.2757,-43.8718,0.5590,1,1,1,1,0,0,有效双星
1787905268.605000,2,8,36,1924,1467674.224744300,2,938,434,228,194,938,434,228,194,1003.069,569.014,255.000,0,1082.376,525.122,255.000,0,79.3069,-43.8919,0.0371,1,1,1,1,0,0,有效双星
1787905268.614000,2,8,37,1925,1467674.234752400,2,938,434,228,194,938,434,228,194,998.976,568.795,255.000,0,1078.290,524.215,255.000,0,79.3140,-44.5800,0.6882,1,1,1,1,0,0,有效双星
1787905268.624000,2,8,38,1926,1467674.244724800,2,938,434,228,194,938,434,228,194,997.060,570.752,255.000,0,1076.321,526.187,255.000,0,79.2605,-44.5646,0.0557,1,1,1,1,0,0,有效双星
1787905268.634000,2,8,39,1927,1467674.254749000,2,938,434,228,194,938,434,228,194,998.213,574.376,255.000,0,1078.105,530.135,255.000,0,79.8920,-44.2406,0.7097,1,1,1,1,0,0,有效双星
1787905268.644000,2,8,40,1928,1467674.264724000,2,938,434,228,194,938,434,228,194,1002.054,577.872,255.000,0,1081.349,533.208,255.000,0,79.2954,-44.6647,0.7319,1,1,1,1,0,0,有效双星
1787905268.654000,2,8,41,1929,1467674.274716500,2,938,434,228,194,938,434,228,194,1004.835,577.845,255.000,0,1084.228,534.090,255.000,0,79.3924,-43.7554,0.9144,1,1,1,1,0,0,有效双星
1787905268.664000,2,8,42,1930,1467674.284710600,2,938,434,228,194,938,434,228,194,1005.016,575.048,255.000,0,1084.296,531.090,255.000,0,79.2809,-43.9579,0.2312,1,1,1,1,0,0,有效双星
1787905268.674000,2,8,43,1931,1467674.294828000,2,938,434,228,194,938,434,228,194,1003.113,570.570,255.000,0,1082.988,526.146,255.000,0,79.8754,-44.4235,0.7551,1,1,1,1,0,0,有效双星
1787905268.685000,2,8,44,1932,1467674.304927400,2,938,434,228,194,938,434,228,194,1001.148,567.268,255.000,0,1081.031,523.109,255.000,0,79.8836,-44.1583,0.2653,1,1,1,1,0,0,有效双星
1787905268.695000,2,8,45,1933,1467674.314725700,2,938,434,228,194,938,434,228,194,1000.234,567.114,255.000,0,1080.075,523.059,255.000,0,79.8410,-44.0550,0.1118,1,1,1,1,0,0,有效双星
1787905268.704000,2,8,46,1934,1467674.324719500,2,938,434,228,194,938,434,228,194,1000.215,568.995,255.000,0,1080.226,525.115,255.000,0,80.0114,-43.8799,0.2444,1,1,1,1,0,0,有效双星
1787905268.715000,2,8,47,1935,1467674.334722200,2,938,434,228,194,938,434,228,194,1002.030,572.776,255.000,0,1081.267,528.181,255.000,0,79.2371,-44.5947,1.0538,1,1,1,1,0,0,有效双星
1787905268.724000,2,8,48,1936,1467674.344732200,2,938,434,228,194,938,434,228,194,1002.976,575.686,255.000,0,1082.311,531.195,255.000,0,79.3346,-44.4909,0.1424,1,1,1,1,0,0,有效双星
1787905268.734000,2,8,49,1937,1467674.354754700,2,938,434,228,194,938,434,228,194,1003.164,577.378,255.000,0,1083.043,533.116,255.000,0,79.8791,-44.2626,0.5904,1,1,1,1,0,0,有效双星
1787905268.748000,2,8,50,1938,1467674.364815800,2,938,434,228,194,938,434,228,194,1003.068,576.935,255.000,0,1082.278,532.182,255.000,0,79.2106,-44.7530,0.8291,1,1,1,1,0,0,有效双星
1787905277.294000,2,9,1,2790,1467682.915739800,3,904,448,228,193,904,448,228,193,980.028,574.646,255.000,0,1059.342,530.215,255.000,0,79.3148,-44.4311,0.6898,1,1,1,1,0,0,有效双星
1787905277.304000,2,9,2,2791,1467682.925605200,3,904,448,228,193,904,448,228,193,980.105,572.858,255.000,0,1059.379,529.103,255.000,0,79.2745,-43.7551,0.6772,1,1,1,1,0,0,有效双星
1787905277.316000,2,9,3,2792,1467682.935617100,3,904,448,228,193,904,448,228,193,978.181,569.413,255.000,0,1058.065,525.157,255.000,0,79.8833,-44.2563,0.7886,1,1,1,1,0,0,有效双星
1787905277.324000,2,9,4,2793,1467682.945609700,3,904,448,228,193,904,448,228,193,976.046,566.647,255.000,0,1055.305,522.196,255.000,0,79.2588,-44.4502,0.6540,1,1,1,1,0,0,有效双星
1787905277.336000,2,9,5,2794,1467682.955616000,3,904,448,228,193,904,448,228,193,974.038,564.815,255.000,0,1053.334,521.109,255.000,0,79.2959,-43.7054,0.7457,1,1,1,1,0,0,有效双星
1787905277.346000,2,9,6,2795,1467682.967087100,3,904,448,228,193,904,448,228,193,973.023,564.499,255.000,0,1052.334,520.193,255.000,0,79.3108,-44.3051,0.5998,1,1,1,1,0,0,有效双星
1787905277.357000,2,9,7,2796,1467682.976600400,3,904,448,228,193,904,448,228,193,973.001,564.682,255.000,0,1052.285,520.211,255.000,0,79.2847,-44.4701,0.1671,1,1,1,1,0,0,有效双星
1787905277.366000,2,9,8,2797,1467682.986202600,3,904,448,228,193,904,448,228,193,973.166,564.560,255.000,0,1053.032,520.152,255.000,0,79.8666,-44.4075,0.5853,1,1,1,1,0,0,有效双星
1787905277.374000,2,9,9,2798,1467682.995615900,3,904,448,228,193,904,448,228,193,973.822,563.562,255.000,0,1053.063,519.166,255.000,0,79.2405,-44.3961,0.6262,1,1,1,1,0,0,有效双星
1787905277.386000,2,9,10,2799,1467683.005608600,3,904,448,228,193,904,448,228,193,972.857,561.577,255.000,0,1052.112,518.049,255.000,0,79.2552,-43.5280,0.8682,1,1,1,1,0,0,有效双星
1787905277.394000,2,9,11,2800,1467683.015721600,3,904,448,228,193,904,448,228,193,970.937,558.673,255.000,0,1050.167,515.056,255.000,0,79.2290,-43.6168,0.0926,1,1,1,1,0,0,有效双星
1787905277.404000,2,9,12,2801,1467683.025619200,3,904,448,228,193,904,448,228,193,968.012,554.820,255.000,0,1047.309,511.111,255.000,0,79.2963,-43.7085,0.1137,1,1,1,1,0,0,有效双星
1787905277.415000,2,9,13,2802,1467683.035618100,3,904,448,228,193,904,448,228,193,964.921,551.514,255.000,0,1044.227,507.183,255.000,0,79.3060,-44.3311,0.6227,1,1,1,1,0,0,有效双星
1787905277.425000,2,9,14,2803,1467683.045596300,3,904,448,228,193,904,448,228,193,961.883,549.945,255.000,0,1041.102,506.077,255.000,0,79.2186,-43.8675,0.4717,1,1,1,1,0,0,有效双星
1787905277.436000,2,9,15,2804,1467683.055642900,3,904,448,228,193,904,448,228,193,959.038,550.981,255.000,0,1038.331,507.124,255.000,0,79.2926,-43.8575,0.0747,1,1,1,1,0,0,有效双星
1787905277.446000,2,9,16,2805,1467683.065599900,3,904,448,228,193,904,448,228,193,957.975,554.127,255.000,0,1037.177,510.107,255.000,0,79.2014,-44.0200,0.1864,1,1,1,1,0,0,有效双星
1787905277.454000,2,9,17,2806,1467683.075610100,3,904,448,228,193,904,448,228,193,957.016,556.199,255.000,0,1036.322,512.167,255.000,0,79.3059,-44.0325,0.1052,1,1,1,1,0,0,有效双星
1787905277.466000,2,9,18,2807,1467683.085776800,3,904,448,228,193,904,448,228,193,957.117,555.153,255.000,0,1036.338,511.123,255.000,0,79.2203,-44.0301,0.0856,1,1,1,1,0,0,有效双星
1787905277.476000,2,9,19,2808,1467683.095601500,3,904,448,228,193,904,448,228,193,957.226,549.193,255.000,0,1037.121,505.130,255.000,0,79.8943,-44.0628,0.6748,1,1,1,1,0,0,有效双星
1787905277.486000,2,9,20,2809,1467683.105620500,3,904,448,228,193,904,448,228,193,957.146,541.046,255.000,0,1036.404,497.146,255.000,0,79.2587,-43.9000,0.6562,1,1,1,1,0,0,有效双星
1787905277.497000,2,9,21,2810,1467683.116131000,3,904,448,228,193,904,448,228,193,955.119,534.624,255.000,0,1034.303,490.183,255.000,0,79.1835,-44.4415,0.5467,1,1,1,1,0,0,有效双星
1787905277.504000,2,9,22,2811,1467683.125602700,3,904,448,228,193,904,448,228,193,950.999,532.944,255.000,0,1030.286,489.126,255.000,0,79.2868,-43.8178,0.6322,1,1,1,1,0,0,有效双星
1787905277.515000,2,9,23,2812,1467683.135613200,3,904,448,228,193,904,448,228,193,946.142,537.884,255.000,0,1025.340,494.097,255.000,0,79.1982,-43.7871,0.0938,1,1,1,1,0,0,有效双星
1787905277.526000,2,9,24,2813,1467683.145636300,3,904,448,228,193,904,448,228,193,940.933,544.514,255.000,0,1020.185,501.040,255.000,0,79.2519,-43.4745,0.3172,1,1,1,1,0,0,有效双星
1787905277.536000,2,9,25,2814,1467683.155609300,3,904,448,228,193,904,448,228,193,934.877,547.630,255.000,0,1014.095,504.045,255.000,0,79.2173,-43.5844,0.1153,1,1,1,1,0,0,有效双星
1787905277.546000,2,9,26,2815,1467683.165612900,3,904,448,228,193,904,448,228,193,928.246,544.435,255.000,0,1008.042,500.136,255.000,0,79.7955,-44.2992,0.9193,1,1,1,1,0,0,有效双星
1787905277.562000,2,9,27,2816,1467683.175629000,3,904,448,228,193,904,448,228,193,924.991,535.687,255.000,0,1004.303,492.077,255.000,0,79.3123,-43.6097,0.8419,1,1,1,1,0,0,有效双星
1787905277.565000,2,9,28,2817,1467683.185816400,3,904,448,228,193,904,448,228,193,927.052,525.156,255.000,0,1006.248,481.122,255.000,0,79.1952,-44.0335,0.4397,1,1,1,1,0,0,有效双星
1787905277.575000,2,9,29,2818,1467683.195645000,3,904,448,228,193,904,448,228,193,933.160,515.297,255.000,0,1012.973,471.131,255.000,0,79.8128,-44.1659,0.6317,1,1,1,1,0,0,有效双星
1787905277.586000,2,9,30,2819,1467683.205635800,3,904,448,228,193,904,448,228,193,940.004,508.136,255.000,0,1019.271,464.151,255.000,0,79.2666,-43.9848,0.5755,1,1,1,1,0,0,有效双星
1787905277.595000,2,9,31,2820,1467683.215659600,3,904,448,228,193,904,448,228,193,943.180,505.281,255.000,0,1022.360,461.993,255.000,0,79.1801,-43.2877,0.7024,1,1,1,1,0,0,有效双星
1787905277.604000,2,9,32,2821,1467683.225649800,3,904,448,228,193,904,448,228,193,942.165,507.111,255.000,0,1021.410,463.155,255.000,0,79.2445,-43.9553,0.6707,1,1,1,1,0,0,有效双星
1787905277.615000,2,9,33,2822,1467683.235616800,3,904,448,228,193,904,448,228,193,937.201,513.009,255.000,0,1016.405,469.123,255.000,0,79.2040,-43.8857,0.0806,1,1,1,1,0,0,有效双星
1787905277.626000,2,9,34,2823,1467683.245614700,3,904,448,228,193,904,448,228,193,929.054,518.897,255.000,0,1008.272,475.097,255.000,0,79.2182,-43.8002,0.0867,1,1,1,1,0,0,有效双星
1787905277.635000,2,9,35,2824,1467683.255731500,3,904,448,228,193,904,448,228,193,919.081,521.172,255.000,0,998.292,477.139,255.000,0,79.2109,-44.0337,0.2336,1,1,1,1,0,0,有效双星
1787905277.645000,2,9,36,2825,1467683.265617600,3,904,448,228,193,904,448,228,193,912.235,518.282,255.000,0,990.091,474.171,255.000,0,77.8561,-44.1112,1.3571,1,1,1,1,0,0,有效双星
1787905277.656000,2,9,37,2826,1467683.275610800,3,904,448,228,193,904,448,228,193,910.208,512.499,255.000,0,985.330,469.139,255.000,0,75.1217,-43.3598,2.8358,1,1,1,1,0,0,有效双星
1787905277.664000,2,9,38,2827,1467683.285606700,3,904,448,228,193,904,448,228,193,910.752,507.630,255.000,0,986.378,464.141,255.000,0,75.6264,-43.4890,0.5210,1,1,1,1,0,0,有效双星
1787905277.676000,2,9,39,2828,1467683.295618400,3,904,448,228,193,904,448,228,193,913.229,505.236,255.000,0,992.126,461.990,255.000,0,78.8962,-43.2461,3.2788,1,1,1,1,0,0,有效双星
1787905277.686000,2,9,40,2829,1467683.305619400,3,904,448,228,193,904,448,228,193,917.176,504.150,255.000,0,996.419,460.975,255.000,0,79.2422,-43.1748,0.3533,1,1,1,1,0,0,有效双星
1787905277.696000,2,9,41,2830,1467683.315608300,3,904,448,228,193,904,448,228,193,915.174,501.772,255.000,0,994.334,459.646,255.000,0,79.1606,-42.1259,1.0521,1,1,1,1,0,0,有效双星
1787905277.704000,2,9,42,2831,1467683.325608500,3,904,448,228,193,904,448,228,193,909.891,494.955,255.000,0,982.512,456.240,255.000,0,72.6213,-38.7152,7.3753,1,1,1,1,0,0,有效双星
1787905277.716000,2,9,43,2832,1467683.335603200,3,904,448,228,193,904,448,228,193,0.000,0.000,0.000,0,0.000,0.000,0.000,0,0.0000,0.0000,0.0000,0,0,0,0,0,0,AOI 内双星候选未达到最小间距
1787905277.724000,2,9,44,2833,1467683.345624600,3,904,448,228,193,904,448,228,193,0.000,0.000,0.000,0,0.000,0.000,0.000,0,0.0000,0.0000,0.0000,0,0,0,0,0,0,AOI 内双星候选未达到最小间距
1787905277.735000,2,9,45,2834,1467683.355760500,3,904,448,228,193,904,448,228,193,0.000,0.000,0.000,0,0.000,0.000,0.000,0,0.0000,0.0000,0.0000,0,0,0,0,0,0,AOI 内候选连通域不足两个（当前 1 个）
1787905277.745000,2,9,46,2835,1467683.365684400,3,904,448,228,193,904,448,228,193,0.000,0.000,0.000,0,0.000,0.000,0.000,0,0.0000,0.0000,0.0000,0,0,0,0,0,0,AOI 内双星候选未达到最小间距
1787905277.755000,2,9,47,2836,1467683.375642300,3,904,448,228,193,904,448,228,193,0.000,0.000,0.000,0,0.000,0.000,0.000,0,0.0000,0.0000,0.0000,0,0,0,0,0,0,AOI 内候选连通域不足两个（当前 1 个）
1787905277.765000,2,9,48,2837,1467683.385616400,3,904,448,228,193,904,448,228,193,0.000,0.000,0.000,0,0.000,0.000,0.000,0,0.0000,0.0000,0.0000,0,0,0,0,0,0,AOI 内双星候选未达到最小间距
1787905277.775000,2,9,49,2838,1467683.395617200,3,904,448,228,193,904,448,228,193,0.000,0.000,0.000,0,0.000,0.000,0.000,0,0.0000,0.0000,0.0000,0,0,0,0,0,0,AOI 内候选连通域不足两个（当前 1 个）
1787905277.785000,2,9,50,2839,1467683.405622200,3,904,448,228,193,904,448,228,193,0.000,0.000,0.000,0,0.000,0.000,0.000,0,0.0000,0.0000,0.0000,0,0,0,0,0,0,AOI 内候选连通域不足两个（当前 1 个）
1787905278.063000,3,10,1,2842,1467683.667573700,0,0,0,1920,1200,0,0,1920,1200,886.207,475.222,255.000,0,964.754,431.244,255.000,0,78.5470,-43.9776,0.0000,1,1,1,0,0,0,全画幅定位成功，已选择面积最大的两个有效连通域
1787905278.110000,3,11,1,2843,1467683.730585600,1,812,356,228,193,812,356,228,193,905.107,453.065,255.000,0,984.400,409.149,255.000,0,79.2933,-43.9167,0.7488,1,1,1,1,0,0,有效双星
1787905278.122000,3,11,2,2844,1467683.740715000,1,812,356,228,193,812,356,228,193,901.928,457.090,255.000,0,981.158,413.112,255.000,0,79.2297,-43.9784,0.0886,1,1,1,1,0,0,有效双星
1787905278.130000,3,11,3,2845,1467683.750549100,1,812,356,228,193,812,356,228,193,895.162,459.216,255.000,0,975.042,415.122,255.000,0,79.8808,-44.0939,0.6613,1,1,1,1,0,0,有效双星
1787905278.140000,3,11,4,2846,1467683.760597400,1,812,356,228,193,812,356,228,193,889.142,458.942,255.000,0,969.042,415.075,255.000,0,79.8997,-43.8667,0.2280,1,1,1,1,0,0,有效双星
1787905278.151000,3,11,5,2847,1467683.770538100,1,812,356,228,193,812,356,228,193,887.783,457.509,255.000,0,967.083,413.149,255.000,0,79.2993,-44.3599,0.7770,1,1,1,1,0,0,有效双星
1787905278.161000,3,11,6,2848,1467683.780733300,1,812,356,228,193,812,356,228,193,891.077,456.858,255.000,0,970.359,413.089,255.000,0,79.2815,-43.7690,0.5911,1,1,1,1,0,0,有效双星
1787905278.170000,3,11,7,2849,1467683.790547800,1,812,356,228,193,812,356,228,193,898.183,457.018,255.000,0,978.046,413.081,255.000,0,79.8629,-43.9366,0.6051,1,1,1,1,0,0,有效双星
1787905278.184000,3,11,8,2850,1467683.800541700,1,812,356,228,193,812,356,228,193,904.899,456.763,255.000,0,984.088,413.037,255.000,0,79.1892,-43.7260,0.7059,1,1,1,1,0,0,有效双星
1787905278.190000,3,11,9,2851,1467683.810547800,1,812,356,228,193,812,356,228,193,905.950,454.602,255.000,0,985.235,411.045,255.000,0,79.2853,-43.5563,0.1949,1,1,1,1,0,0,有效双星
1787905278.201000,3,11,10,2852,1467683.820542000,1,812,356,228,193,812,356,228,193,902.036,451.765,255.000,0,981.351,408.089,255.000,0,79.3145,-43.6758,0.1230,1,1,1,1,0,0,有效双星
1787905278.210000,3,11,11,2853,1467683.830568200,1,812,356,228,193,812,356,228,193,896.833,450.795,255.000,0,976.085,407.042,255.000,0,79.2518,-43.7524,0.0991,1,1,1,1,0,0,有效双星
1787905278.220000,3,11,12,2854,1467683.840564000,1,812,356,228,193,812,356,228,193,892.852,452.821,255.000,0,972.189,409.081,255.000,0,79.3362,-43.7399,0.0854,1,1,1,1,0,0,有效双星
1787905278.231000,3,11,13,2855,1467683.850562400,1,812,356,228,193,812,356,228,193,892.107,457.201,255.000,0,971.937,413.087,255.000,0,79.8304,-44.1140,0.6198,1,1,1,1,0,0,有效双星
1787905278.240000,3,11,14,2856,1467683.860568600,1,812,356,228,193,812,356,228,193,894.021,460.679,255.000,0,973.264,416.188,255.000,0,79.2432,-44.4914,0.6980,1,1,1,1,0,0,有效双星
1787905278.250000,3,11,15,2857,1467683.870586800,1,812,356,228,193,812,356,228,193,896.113,460.916,255.000,0,975.983,417.075,255.000,0,79.8691,-43.8408,0.9028,1,1,1,1,0,0,有效双星
1787905278.260000,3,11,16,2858,1467683.880559000,1,812,356,228,193,812,356,228,193,898.882,458.829,255.000,0,978.082,415.052,255.000,0,79.1998,-43.7775,0.6723,1,1,1,1,0,0,有效双星
1787905278.270000,3,11,17,2859,1467683.890715900,1,812,356,228,193,812,356,228,193,900.157,456.042,255.000,0,980.007,412.085,255.000,0,79.8504,-43.9578,0.6751,1,1,1,1,0,0,有效双星
1787905278.280000,3,11,18,2860,1467683.900570700,1,812,356,228,193,812,356,228,193,901.044,454.020,255.000,0,980.355,410.135,255.000,0,79.3109,-43.8846,0.5445,1,1,1,1,0,0,有效双星
1787905278.290000,3,11,19,2861,1467683.910498200,1,812,356,228,193,812,356,228,193,900.093,453.030,255.000,0,979.302,409.083,255.000,0,79.2086,-43.9461,0.1193,1,1,1,1,0,0,有效双星
1787905278.300000,3,11,20,2862,1467683.920565700,1,812,356,228,193,812,356,228,193,896.908,451.607,255.000,0,976.297,408.076,255.000,0,79.3888,-43.5310,0.4526,1,1,1,1,0,0,有效双星
1787905278.310000,3,11,21,2863,1467683.930549600,1,812,356,228,193,812,356,228,193,893.985,451.842,255.000,0,973.278,408.071,255.000,0,79.2923,-43.7716,0.2593,1,1,1,1,0,0,有效双星
1787905278.320000,3,11,22,2864,1467683.940565200,1,812,356,228,193,812,356,228,193,893.144,454.059,255.000,0,973.023,410.080,255.000,0,79.8794,-43.9785,0.6225,1,1,1,1,0,0,有效双星
1787905278.330000,3,11,23,2865,1467683.950537300,1,812,356,228,193,812,356,228,193,895.953,458.118,255.000,0,975.250,414.142,255.000,0,79.2969,-43.9760,0.5825,1,1,1,1,0,0,有效双星
1787905278.340000,3,11,24,2866,1467683.960690800,1,812,356,228,193,812,356,228,193,899.895,462.040,255.000,0,979.067,418.085,255.000,0,79.1719,-43.9546,0.1268,1,1,1,1,0,0,有效双星
1787905278.350000,3,11,25,2867,1467683.970537600,1,812,356,228,193,812,356,228,193,901.040,462.120,255.000,0,980.336,418.163,255.000,0,79.2961,-43.9573,0.1242,1,1,1,1,0,0,有效双星
1787905278.360000,3,11,26,2868,1467683.980539900,1,812,356,228,193,812,356,228,193,899.898,458.624,255.000,0,979.127,415.026,255.000,0,79.2291,-43.5976,0.3659,1,1,1,1,0,0,有效双星
1787905278.370000,3,11,27,2869,1467683.991216400,1,812,356,228,193,812,356,228,193,896.194,453.224,255.000,0,976.098,409.120,255.000,0,79.9036,-44.1033,0.8431,1,1,1,1,0,0,有效双星
1787905278.380000,3,11,28,2870,1467684.000541800,1,812,356,228,193,812,356,228,193,894.182,449.942,255.000,0,974.077,406.058,255.000,0,79.8951,-43.8840,0.2195,1,1,1,1,0,0,有效双星
1787905278.390000,3,11,29,2871,1467684.010536600,1,812,356,228,193,812,356,228,193,894.989,450.139,255.000,0,974.295,406.122,255.000,0,79.3060,-44.0162,0.6037,1,1,1,1,0,0,有效双星
1787905278.401000,3,11,30,2872,1467684.020557500,1,812,356,228,193,812,356,228,193,897.105,453.319,255.000,0,976.374,409.164,255.000,0,79.2695,-44.1554,0.1439,1,1,1,1,0,0,有效双星
1787905278.410000,3,11,31,2873,1467684.030561600,1,812,356,228,193,812,356,228,193,899.122,457.168,255.000,0,978.377,413.147,255.000,0,79.2554,-44.0211,0.1350,1,1,1,1,0,0,有效双星
1787905278.421000,3,11,32,2874,1467684.040564700,1,812,356,228,193,812,356,228,193,899.939,459.815,255.000,0,979.201,416.076,255.000,0,79.2619,-43.7383,0.2829,1,1,1,1,0,0,有效双星
1787905278.434000,3,11,33,2875,1467684.050570400,1,812,356,228,193,812,356,228,193,898.996,460.616,255.000,0,978.265,416.193,255.000,0,79.2689,-44.4230,0.6848,1,1,1,1,0,0,有效双星
1787905278.440000,3,11,34,2876,1467684.060756600,1,812,356,228,193,812,356,228,193,897.137,459.524,255.000,0,977.031,415.153,255.000,0,79.8946,-44.3711,0.6278,1,1,1,1,0,0,有效双星
1787905278.451000,3,11,35,2877,1467684.070575000,1,812,356,228,193,812,356,228,193,895.973,456.997,255.000,0,975.259,413.110,255.000,0,79.2856,-43.8876,0.7776,1,1,1,1,0,0,有效双星
1787905278.460000,3,11,36,2878,1467684.080575200,1,812,356,228,193,812,356,228,193,895.025,454.010,255.000,0,974.314,410.111,255.000,0,79.2890,-43.8987,0.0117,1,1,1,1,0,0,有效双星
1787905278.470000,3,11,37,2879,1467684.090539900,1,812,356,228,193,812,356,228,193,895.115,451.755,255.000,0,974.404,407.207,255.000,0,79.2897,-44.5481,0.6493,1,1,1,1,0,0,有效双星
1787905278.480000,3,11,38,2880,1467684.100574300,1,812,356,228,193,812,356,228,193,896.942,451.186,255.000,0,976.241,407.139,255.000,0,79.2997,-44.0474,0.5007,1,1,1,1,0,0,有效双星
1787905278.490000,3,11,39,2881,1467684.110564700,1,812,356,228,193,812,356,228,193,899.146,453.727,255.000,0,978.969,409.148,255.000,0,79.8225,-44.5788,0.7455,1,1,1,1,0,0,有效双星
1787905278.501000,3,11,40,2882,1467684.120558400,1,812,356,228,193,812,356,228,193,901.033,457.008,255.000,0,980.350,413.138,255.000,0,79.3173,-43.8702,0.8703,1,1,1,1,0,0,有效双星
1787905278.510000,3,11,41,2883,1467684.130722900,1,812,356,228,193,812,356,228,193,900.988,459.856,255.000,0,980.257,416.089,255.000,0,79.2697,-43.7671,0.1135,1,1,1,1,0,0,有效双星
1787905278.521000,3,11,42,2884,1467684.140569800,1,812,356,228,193,812,356,228,193,898.146,460.090,255.000,0,977.972,416.087,255.000,0,79.8254,-44.0029,0.6036,1,1,1,1,0,0,有效双星
1787905278.530000,3,11,43,2885,1467684.150575300,1,812,356,228,193,812,356,228,193,894.909,457.856,255.000,0,974.207,414.088,255.000,0,79.2975,-43.7679,0.5778,1,1,1,1,0,0,有效双星
1787905278.541000,3,11,44,2886,1467684.160571500,1,812,356,228,193,812,356,228,193,892.998,455.294,255.000,0,972.234,411.131,255.000,0,79.2363,-44.1625,0.3993,1,1,1,1,0,0,有效双星
1787905278.550000,3,11,45,2887,1467684.170555700,1,812,356,228,193,812,356,228,193,893.957,453.717,255.000,0,973.260,409.193,255.000,0,79.3033,-44.5241,0.3678,1,1,1,1,0,0,有效双星
1787905278.560000,3,11,46,2888,1467684.180561000,1,812,356,228,193,812,356,228,193,897.045,453.750,255.000,0,976.347,410.077,255.000,0,79.3024,-43.6732,0.8509,1,1,1,1,0,0,有效双星
1787905278.570000,3,11,47,2889,1467684.190558400,1,812,356,228,193,812,356,228,193,900.831,454.677,255.000,0,980.052,410.164,255.000,0,79.2208,-44.5134,0.8442,1,1,1,1,0,0,有效双星
1787905278.580000,3,11,48,2890,1467684.200503800,1,812,356,228,193,812,356,228,193,901.891,455.222,255.000,0,981.176,411.154,255.000,0,79.2848,-44.0683,0.4496,1,1,1,1,0,0,有效双星
1787905278.590000,3,11,49,2891,1467684.210580900,1,812,356,228,193,812,356,228,193,900.885,456.006,255.000,0,980.143,412.103,255.000,0,79.2589,-43.9031,0.1673,1,1,1,1,0,0,有效双星
1787905278.601000,3,11,50,2892,1467684.220560200,1,812,356,228,193,812,356,228,193,898.118,456.862,255.000,0,977.368,413.089,255.000,0,79.2500,-43.7735,0.1299,1,1,1,1,0,0,有效双星
1787905289.093000,3,12,1,3938,1467694.712859200,2,838,388,228,194,838,388,228,194,918.148,488.897,255.000,0,998.039,445.025,255.000,0,79.8906,-43.8727,1.0172,1,1,1,1,0,0,有效双星
1787905289.102000,3,12,2,3939,1467694.722833400,2,838,388,228,194,838,388,228,194,919.198,495.027,255.000,0,999.057,451.033,255.000,0,79.8588,-43.9944,0.1258,1,1,1,1,0,0,有效双星
1787905289.113000,3,12,3,3940,1467694.732823500,2,838,388,228,194,838,388,228,194,921.871,503.884,255.000,0,1001.162,459.158,255.000,0,79.2907,-44.7260,0.9263,1,1,1,1,0,0,有效双星
1787905289.124000,3,12,4,3941,1467694.742909300,2,838,388,228,194,838,388,228,194,923.824,510.852,255.000,0,1003.118,467.036,255.000,0,79.2945,-43.8153,0.9107,1,1,1,1,0,0,有效双星
1787905289.133000,3,12,5,3942,1467694.752839800,2,838,388,228,194,838,388,228,194,924.179,513.137,255.000,0,1004.009,469.045,255.000,0,79.8301,-44.0922,0.6029,1,1,1,1,0,0,有效双星
1787905289.142000,3,12,6,3943,1467694.762826200,2,838,388,228,194,838,388,228,194,924.024,509.869,255.000,0,1003.324,465.186,255.000,0,79.3000,-44.6831,0.7939,1,1,1,1,0,0,有效双星
1787905289.153000,3,12,7,3944,1467694.772942500,2,838,388,228,194,838,388,228,194,923.869,503.641,255.000,0,1003.150,459.121,255.000,0,79.2803,-44.5198,0.1645,1,1,1,1,0,0,有效双星
1787905289.163000,3,12,8,3945,1467694.782835800,2,838,388,228,194,838,388,228,194,924.856,497.655,255.000,0,1004.125,453.119,255.000,0,79.2694,-44.5355,0.0192,1,1,1,1,0,0,有效双星
1787905289.173000,3,12,9,3946,1467694.792833900,2,838,388,228,194,838,388,228,194,927.927,493.999,255.000,0,1007.232,450.061,255.000,0,79.3048,-43.9379,0.5987,1,1,1,1,0,0,有效双星
1787905289.184000,3,12,10,3947,1467694.802824900,2,838,388,228,194,838,388,228,194,932.082,494.026,255.000,0,1011.344,449.183,255.000,0,79.2625,-44.8425,0.9056,1,1,1,1,0,0,有效双星
1787905289.192000,3,12,11,3948,1467694.812837400,2,838,388,228,194,838,388,228,194,935.998,497.344,255.000,0,1015.317,453.126,255.000,0,79.3187,-44.2180,0.6270,1,1,1,1,0,0,有效双星
1787905289.203000,3,12,12,3949,1467694.822841500,2,838,388,228,194,838,388,228,194,940.144,505.791,255.000,0,1020.014,461.144,255.000,0,79.8699,-44.6472,0.6986,1,1,1,1,0,0,有效双星
1787905289.213000,3,12,13,3950,1467694.832835300,2,838,388,228,194,838,388,228,194,946.036,518.631,255.000,0,1025.316,474.132,255.000,0,79.2802,-44.4982,0.6082,1,1,1,1,0,0,有效双星
1787905289.222000,3,12,14,3951,1467694.842887600,2,838,388,228,194,838,388,228,194,950.044,530.912,255.000,0,1029.352,487.080,255.000,0,79.3079,-43.8319,0.6669,1,1,1,1,0,0,有效双星
1787905289.232000,3,12,15,3952,1467694.852840600,2,838,388,228,194,838,388,228,194,948.214,537.154,255.000,0,1028.011,493.050,255.000,0,79.7979,-44.1041,0.5605,1,1,1,1,0,0,有效双星
1787905289.249000,3,12,16,3953,1467694.862895700,2,838,388,228,194,838,388,228,194,941.851,535.433,255.000,0,1021.098,491.100,255.000,0,79.2473,-44.3327,0.5962,1,1,1,1,0,0,有效双星
1787905289.253000,3,12,17,3954,1467694.872833500,2,838,388,228,194,838,388,228,194,934.130,530.141,255.000,0,1014.012,486.059,255.000,0,79.8815,-44.0822,0.6819,1,1,1,1,0,0,有效双星
1787905289.262000,3,12,18,3955,1467694.882832200,2,838,388,228,194,838,388,228,194,931.819,526.685,255.000,0,1011.083,482.137,255.000,0,79.2642,-44.5479,0.7732,1,1,1,1,0,0,有效双星
1787905289.272000,3,12,19,3956,1467694.892849400,2,838,388,228,194,838,388,228,194,933.828,526.465,255.000,0,1013.192,482.135,255.000,0,79.3647,-44.3297,0.2403,1,1,1,1,0,0,有效双星
1787905289.282000,3,12,20,3957,1467694.902912600,2,838,388,228,194,838,388,228,194,938.146,528.032,255.000,0,1018.054,484.043,255.000,0,79.9074,-43.9885,0.6410,1,1,1,1,0,0,有效双星
1787905289.292000,3,12,21,3958,1467694.912855600,2,838,388,228,194,838,388,228,194,942.165,528.966,255.000,0,1021.430,484.194,255.000,0,79.2654,-44.7717,1.0127,1,1,1,1,0,0,有效双星
1787905289.302000,3,12,22,3959,1467694.922816200,2,838,388,228,194,838,388,228,194,943.988,528.335,255.000,0,1023.297,484.126,255.000,0,79.3088,-44.2089,0.5645,1,1,1,1,0,0,有效双星
1787905289.313000,3,12,23,3960,1467694.932828500,2,838,388,228,194,838,388,228,194,944.092,527.604,255.000,0,1023.933,483.087,255.000,0,79.8411,-44.5168,0.6149,1,1,1,1,0,0,有效双星
1787905289.323000,3,12,24,3961,1467694.942960300,2,838,388,228,194,838,388,228,194,943.931,525.753,255.000,0,1023.239,481.154,255.000,0,79.3072,-44.5989,0.5402,1,1,1,1,0,0,有效双星
1787905289.332000,3,12,25,3962,1467694.952822100,2,838,388,228,194,838,388,228,194,942.975,522.645,255.000,0,1022.371,478.177,255.000,0,79.3954,-44.4672,0.1585,1,1,1,1,0,0,有效双星
1787905289.342000,3,12,26,3963,1467694.962819600,2,838,388,228,194,838,388,228,194,942.145,518.808,255.000,0,1022.000,474.131,255.000,0,79.8543,-44.6775,0.5048,1,1,1,1,0,0,有效双星
1787905289.352000,3,12,27,3964,1467694.972823300,2,838,388,228,194,838,388,228,194,942.056,515.261,255.000,0,1021.338,471.124,255.000,0,79.2822,-44.1371,0.7870,1,1,1,1,0,0,有效双星
1787905289.362000,3,12,28,3965,1467694.982857100,2,838,388,228,194,838,388,228,194,943.193,515.636,255.000,0,1023.093,471.128,255.000,0,79.9005,-44.5080,0.7210,1,1,1,1,0,0,有效双星
1787905289.372000,3,12,29,3966,1467694.992836100,2,838,388,228,194,838,388,228,194,946.951,520.566,255.000,0,1026.208,476.111,255.000,0,79.2571,-44.4545,0.6456,1,1,1,1,0,0,有效双星
1787905289.383000,3,12,30,3967,1467695.002849000,2,838,388,228,194,838,388,228,194,951.137,526.720,255.000,0,1031.063,482.144,255.000,0,79.9263,-44.5766,0.6802,1,1,1,1,0,0,有效双星
1787905289.393000,3,12,31,3968,1467695.012940400,2,838,388,228,194,838,388,228,194,954.105,529.236,255.000,0,1033.350,485.117,255.000,0,79.2455,-44.1193,0.8201,1,1,1,1,0,0,有效双星
1787905289.403000,3,12,32,3969,1467695.022863400,2,838,388,228,194,838,388,228,194,952.853,524.900,255.000,0,1032.121,481.037,255.000,0,79.2681,-43.8628,0.2575,1,1,1,1,0,0,有效双星
1787905289.413000,3,12,33,3970,1467695.032834600,2,838,388,228,194,838,388,228,194,948.144,516.294,255.000,0,1028.064,472.099,255.000,0,79.9199,-44.1944,0.7313,1,1,1,1,0,0,有效双星
1787905289.422000,3,12,34,3971,1467695.042827300,2,838,388,228,194,838,388,228,194,945.983,509.593,255.000,0,1025.232,465.137,255.000,0,79.2495,-44.4562,0.7197,1,1,1,1,0,0,有效双星
1787905289.434000,3,12,35,3972,1467695.052843200,2,838,388,228,194,838,388,228,194,947.012,508.663,255.000,0,1026.296,464.165,255.000,0,79.2845,-44.4980,0.0546,1,1,1,1,0,0,有效双星
1787905289.443000,3,12,36,3973,1467695.062830500,2,838,388,228,194,838,388,228,194,949.993,513.946,255.000,0,1029.292,469.197,255.000,0,79.2990,-44.7493,0.2516,1,1,1,1,0,0,有效双星
1787905289.453000,3,12,37,3974,1467695.072834700,2,838,388,228,194,838,388,228,194,950.945,521.989,255.000,0,1030.189,477.171,255.000,0,79.2437,-44.8179,0.0881,1,1,1,1,0,0,有效双星
1787905289.463000,3,12,38,3975,1467695.082977800,2,838,388,228,194,838,388,228,194,947.204,529.563,255.000,0,1027.121,485.113,255.000,0,79.9165,-44.4505,0.7666,1,1,1,1,0,0,有效双星
1787905289.472000,3,12,39,3976,1467695.092850900,2,838,388,228,194,838,388,228,194,942.191,535.642,255.000,0,1022.070,491.129,255.000,0,79.8790,-44.5122,0.0722,1,1,1,1,0,0,有效双星
1787905289.482000,3,12,40,3977,1467695.102841300,2,838,388,228,194,838,388,228,194,938.915,539.180,255.000,0,1018.161,495.094,255.000,0,79.2462,-44.0855,0.7633,1,1,1,1,0,0,有效双星
1787905289.499000,3,12,41,3978,1467695.112992100,2,838,388,228,194,838,388,228,194,937.113,538.344,255.000,0,1017.016,494.111,255.000,0,79.9037,-44.2331,0.6739,1,1,1,1,0,0,有效双星
1787905289.503000,3,12,42,3979,1467695.122829500,2,838,388,228,194,838,388,228,194,938.041,531.940,255.000,0,1017.350,487.198,255.000,0,79.3085,-44.7417,0.7828,1,1,1,1,0,0,有效双星
1787905289.513000,3,12,43,3980,1467695.132832400,2,838,388,228,194,838,388,228,194,940.817,521.498,255.000,0,1020.129,477.120,255.000,0,79.3116,-44.3777,0.3640,1,1,1,1,0,0,有效双星
1787905289.523000,3,12,44,3981,1467695.142877300,2,838,388,228,194,838,388,228,194,945.159,511.995,255.000,0,1024.421,468.092,255.000,0,79.2617,-43.9034,0.4769,1,1,1,1,0,0,有效双星
1787905289.533000,3,12,45,3982,1467695.152841900,2,838,388,228,194,838,388,228,194,952.189,508.048,255.000,0,1031.984,463.157,255.000,0,79.7948,-44.8908,1.1222,1,1,1,1,0,0,有效双星
1787905289.542000,3,12,46,3983,1467695.162877000,2,838,388,228,194,838,388,228,194,959.097,509.854,255.000,0,1039.023,465.152,255.000,0,79.9263,-44.7022,0.2299,1,1,1,1,0,0,有效双星
1787905289.552000,3,12,47,3984,1467695.172851800,2,838,388,228,194,838,388,228,194,963.117,514.218,255.000,0,1042.395,470.111,255.000,0,79.2781,-44.1064,0.8804,1,1,1,1,0,0,有效双星
1787905289.563000,3,12,48,3985,1467695.182873400,2,838,388,228,194,838,388,228,194,961.075,516.587,255.000,0,1040.981,472.104,255.000,0,79.9058,-44.4829,0.7319,1,1,1,1,0,0,有效双星
1787905289.572000,3,12,49,3986,1467695.192835900,2,838,388,228,194,838,388,228,194,954.003,515.725,255.000,0,1033.962,472.015,255.000,0,79.9597,-43.7104,0.7743,1,1,1,1,0,0,有效双星
1787905289.582000,3,12,50,3987,1467695.202853000,2,838,388,228,194,838,388,228,194,946.195,515.176,255.000,0,1026.061,471.068,255.000,0,79.8660,-44.1084,0.4088,1,1,1,1,0,0,有效双星
1787905290.089000,3,13,1,4035,1467695.707490900,3,880,400,228,194,880,400,228,194,948.103,519.204,255.000,0,1027.368,475.111,255.000,0,79.2648,-44.0934,0.5416,1,1,1,1,0,0,有效双星
1787905290.098000,3,13,2,4036,1467695.717483000,3,880,400,228,194,880,400,228,194,950.011,520.484,255.000,0,1029.286,476.117,255.000,0,79.2759,-44.3676,0.2744,1,1,1,1,0,0,有效双星
1787905290.106000,3,13,3,4037,1467695.727454200,3,880,400,228,194,880,400,228,194,952.082,520.801,255.000,0,1032.004,477.024,255.000,0,79.9228,-43.7771,0.8758,1,1,1,1,0,0,有效双星
1787905290.116000,3,13,4,4038,1467695.737486000,3,880,400,228,194,880,400,228,194,953.883,520.251,255.000,0,1033.206,476.123,255.000,0,79.3233,-44.1281,0.6946,1,1,1,1,0,0,有效双星
1787905290.126000,3,13,5,4039,1467695.747464500,3,880,400,228,194,880,400,228,194,953.809,519.000,255.000,0,1033.156,475.088,255.000,0,79.3473,-43.9127,0.2167,1,1,1,1,0,0,有效双星
1787905290.137000,3,13,6,4040,1467695.757462000,3,880,400,228,194,880,400,228,194,952.121,518.003,255.000,0,1032.008,474.045,255.000,0,79.8865,-43.9577,0.5411,1,1,1,1,0,0,有效双星
1787905290.146000,3,13,7,4041,1467695.767460600,3,880,400,228,194,880,400,228,194,950.929,517.599,255.000,0,1030.189,473.130,255.000,0,79.2593,-44.4690,0.8092,1,1,1,1,0,0,有效双星
1787905290.157000,3,13,8,4042,1467695.777463700,3,880,400,228,194,880,400,228,194,949.817,517.753,255.000,0,1029.096,473.155,255.000,0,79.2781,-44.5977,0.1301,1,1,1,1,0,0,有效双星
1787905290.168000,3,13,9,4043,1467695.787642700,3,880,400,228,194,880,400,228,194,949.124,518.817,255.000,0,1028.408,474.189,255.000,0,79.2847,-44.6274,0.0304,1,1,1,1,0,0,有效双星
1787905290.178000,3,13,10,4044,1467695.797465700,3,880,400,228,194,880,400,228,194,950.055,519.862,255.000,0,1029.372,475.203,255.000,0,79.3177,-44.6596,0.0461,1,1,1,1,0,0,有效双星
1787905290.186000,3,13,11,4045,1467695.807483500,3,880,400,228,194,880,400,228,194,951.884,520.859,255.000,0,1031.216,476.189,255.000,0,79.3313,-44.6704,0.0174,1,1,1,1,0,0,有效双星
1787905290.197000,3,13,12,4046,1467695.817452000,3,880,400,228,194,880,400,228,194,953.050,521.389,255.000,0,1032.355,477.153,255.000,0,79.3042,-44.2354,0.4359,1,1,1,1,0,0,有效双星
1787905290.207000,3,13,13,4047,1467695.827465600,3,880,400,228,194,880,400,228,194,953.087,520.826,255.000,0,1032.422,477.073,255.000,0,79.3356,-43.7533,0.4830,1,1,1,1,0,0,有效双星
1787905290.216000,3,13,14,4048,1467695.837487400,3,880,400,228,194,880,400,228,194,952.059,519.073,255.000,0,1031.371,475.105,255.000,0,79.3120,-43.9675,0.2155,1,1,1,1,0,0,有效双星
1787905290.227000,3,13,15,4049,1467695.847483300,3,880,400,228,194,880,400,228,194,950.106,517.165,255.000,0,1030.029,473.086,255.000,0,79.9236,-44.0787,0.6216,1,1,1,1,0,0,有效双星
1787905290.237000,3,13,16,4050,1467695.857668900,3,880,400,228,194,880,400,228,194,949.163,516.678,255.000,0,1029.028,472.121,255.000,0,79.8652,-44.5572,0.4821,1,1,1,1,0,0,有效双星
1787905290.249000,3,13,17,4051,1467695.868143600,3,880,400,228,194,880,400,228,194,949.964,517.261,255.000,0,1029.274,473.128,255.000,0,79.3096,-44.1330,0.6991,1,1,1,1,0,0,有效双星
1787905290.257000,3,13,18,4052,1467695.877486800,3,880,400,228,194,880,400,228,194,951.857,519.309,255.000,0,1031.126,475.111,255.000,0,79.2686,-44.1982,0.0771,1,1,1,1,0,0,有效双星
1787905290.266000,3,13,19,4053,1467695.887473200,3,880,400,228,194,880,400,228,194,953.013,521.288,255.000,0,1032.285,477.115,255.000,0,79.2725,-44.1727,0.0258,1,1,1,1,0,0,有效双星
1787905290.277000,3,13,20,4054,1467695.897495000,3,880,400,228,194,880,400,228,194,952.997,521.717,255.000,0,1032.361,477.199,255.000,0,79.3637,-44.5186,0.3577,1,1,1,1,0,0,有效双星
1787905290.288000,3,13,21,4055,1467695.907500400,3,880,400,228,194,880,400,228,194,952.021,520.894,255.000,0,1031.320,477.067,255.000,0,79.2985,-43.8265,0.6952,1,1,1,1,0,0,有效双星
1787905290.298000,3,13,22,4056,1467695.917460000,3,880,400,228,194,880,400,228,194,950.187,519.187,255.000,0,1030.154,475.107,255.000,0,79.9672,-44.0798,0.7151,1,1,1,1,0,0,有效双星
1787905290.307000,3,13,23,4057,1467695.927457100,3,880,400,228,194,880,400,228,194,949.954,518.028,255.000,0,1029.270,474.093,255.000,0,79.3159,-43.9355,0.6671,1,1,1,1,0,0,有效双星
1787905290.318000,3,13,24,4058,1467695.937458500,3,880,400,228,194,880,400,228,194,950.086,517.705,255.000,0,1029.983,473.138,255.000,0,79.8975,-44.5665,0.8581,1,1,1,1,0,0,有效双星
1787905290.326000,3,13,25,4059,1467695.947451300,3,880,400,228,194,880,400,228,194,951.107,518.075,255.000,0,1030.382,474.099,255.000,0,79.2755,-43.9763,0.8574,1,1,1,1,0,0,有效双星
1787905290.338000,3,13,26,4060,1467695.957453200,3,880,400,228,194,880,400,228,194,952.024,518.751,255.000,0,1031.354,474.189,255.000,0,79.3299,-44.5620,0.5882,1,1,1,1,0,0,有效双星
1787905290.346000,3,13,27,4061,1467695.967615900,3,880,400,228,194,880,400,228,194,952.180,519.551,255.000,0,1032.129,475.128,255.000,0,79.9491,-44.4229,0.6346,1,1,1,1,0,0,有效双星
1787905290.356000,3,13,28,4062,1467695.977453500,3,880,400,228,194,880,400,228,194,952.151,520.170,255.000,0,1032.089,476.094,255.000,0,79.9388,-44.0758,0.3472,1,1,1,1,0,0,有效双星
1787905290.367000,3,13,29,4063,1467695.987449300,3,880,400,228,194,880,400,228,194,951.927,520.652,255.000,0,1031.308,476.186,255.000,0,79.3808,-44.4660,0.6809,1,1,1,1,0,0,有效双星
1787905290.377000,3,13,30,4064,1467695.997454000,3,880,400,228,194,880,400,228,194,951.055,520.657,255.000,0,1030.372,476.165,255.000,0,79.3168,-44.4918,0.0690,1,1,1,1,0,0,有效双星
1787905290.388000,3,13,31,4065,1467696.007449500,3,880,400,228,194,880,400,228,194,950.067,519.553,255.000,0,1029.999,475.124,255.000,0,79.9318,-44.4287,0.6182,1,1,1,1,0,0,有效双星
1787905290.396000,3,13,32,4066,1467696.017450100,3,880,400,228,194,880,400,228,194,949.985,518.322,255.000,0,1029.272,474.127,255.000,0,79.2872,-44.1944,0.6858,1,1,1,1,0,0,有效双星
1787905290.406000,3,13,33,4067,1467696.027451900,3,880,400,228,194,880,400,228,194,950.125,517.753,255.000,0,1030.080,473.161,255.000,0,79.9551,-44.5916,0.7770,1,1,1,1,0,0,有效双星
1787905290.418000,3,13,34,4068,1467696.037645800,3,880,400,228,194,880,400,228,194,951.896,518.113,255.000,0,1031.205,474.099,255.000,0,79.3092,-44.0145,0.8661,1,1,1,1,0,0,有效双星
1787905290.426000,3,13,35,4069,1467696.047498400,3,880,400,228,194,880,400,228,194,952.937,519.070,255.000,0,1032.284,475.107,255.000,0,79.3470,-43.9629,0.0640,1,1,1,1,0,0,有效双星
1787905290.437000,3,13,36,4070,1467696.057467200,3,880,400,228,194,880,400,228,194,953.021,520.000,255.000,0,1032.369,476.105,255.000,0,79.3477,-43.8944,0.0685,1,1,1,1,0,0,有效双星
1787905290.447000,3,13,37,4071,1467696.067473500,3,880,400,228,194,880,400,228,194,952.122,520.520,255.000,0,1032.020,476.106,255.000,0,79.8982,-44.4134,0.7566,1,1,1,1,0,0,有效双星
1787905290.458000,3,13,38,4072,1467696.077656200,3,880,400,228,194,880,400,228,194,950.958,520.027,255.000,0,1030.318,476.109,255.000,0,79.3603,-43.9183,0.7310,1,1,1,1,0,0,有效双星
1787905290.466000,3,13,39,4073,1467696.087457600,3,880,400,228,194,880,400,228,194,950.029,519.861,255.000,0,1029.307,475.185,255.000,0,79.2780,-44.6756,0.7618,1,1,1,1,0,0,有效双星
1787905290.477000,3,13,40,4074,1467696.097469800,3,880,400,228,194,880,400,228,194,949.879,519.040,255.000,0,1029.210,475.098,255.000,0,79.3312,-43.9422,0.7354,1,1,1,1,0,0,有效双星
1787905290.487000,3,13,41,4075,1467696.107480000,3,880,400,228,194,880,400,228,194,950.071,518.592,255.000,0,1030.043,474.143,255.000,0,79.9723,-44.4490,0.8172,1,1,1,1,0,0,有效双星
1787905290.498000,3,13,42,4076,1467696.117516700,3,880,400,228,194,880,400,228,194,951.856,518.552,255.000,0,1031.144,474.132,255.000,0,79.2874,-44.4194,0.6855,1,1,1,1,0,0,有效双星
1787905290.506000,3,13,43,4077,1467696.127455700,3,880,400,228,194,880,400,228,194,952.805,518.521,255.000,0,1032.262,474.190,255.000,0,79.4568,-44.3319,0.1907,1,1,1,1,0,0,有效双星
1787905290.516000,3,13,44,4078,1467696.137463700,3,880,400,228,194,880,400,228,194,953.783,519.530,255.000,0,1033.081,475.133,255.000,0,79.2986,-44.3970,0.1710,1,1,1,1,0,0,有效双星
1787905290.526000,3,13,45,4079,1467696.147466400,3,880,400,228,194,880,400,228,194,952.955,519.866,255.000,0,1032.284,476.071,255.000,0,79.3285,-43.7952,0.6025,1,1,1,1,0,0,有效双星
1787905290.537000,3,13,46,4080,1467696.157466600,3,880,400,228,194,880,400,228,194,951.126,519.684,255.000,0,1031.103,475.160,255.000,0,79.9774,-44.5244,0.9761,1,1,1,1,0,0,有效双星
1787905290.547000,3,13,47,4081,1467696.167480200,3,880,400,228,194,880,400,228,194,950.045,519.509,255.000,0,1029.297,475.122,255.000,0,79.2521,-44.3866,0.7383,1,1,1,1,0,0,有效双星
1787905290.562000,3,13,48,4082,1467696.177689700,3,880,400,228,194,880,400,228,194,949.097,518.918,255.000,0,1029.026,475.055,255.000,0,79.9293,-43.8623,0.8565,1,1,1,1,0,0,有效双星
1787905290.567000,3,13,49,4083,1467696.187456800,3,880,400,228,194,880,400,228,194,950.081,519.280,255.000,0,1029.363,475.128,255.000,0,79.2816,-44.1524,0.7097,1,1,1,1,0,0,有效双星
1787905290.578000,3,13,50,4084,1467696.197493600,3,880,400,228,194,880,400,228,194,951.860,519.699,255.000,0,1031.195,475.174,255.000,0,79.3350,-44.5241,0.3755,1,1,1,1,0,0,有效双星
1787905296.943000,3,14,1,4718,1467702.563521600,4,894,444,228,194,894,444,228,194,977.843,586.278,255.000,0,1057.115,542.165,255.000,0,79.2725,-44.1133,0.5175,1,1,1,1,0,0,有效双星
1787905296.953000,3,14,2,4719,1467702.573503500,4,894,444,228,194,894,444,228,194,973.101,576.641,255.000,0,1052.391,532.187,255.000,0,79.2891,-44.4541,0.3411,1,1,1,1,0,0,有效双星
1787905296.962000,3,14,3,4720,1467702.583508000,4,894,444,228,194,894,444,228,194,973.077,566.797,255.000,0,1052.385,523.089,255.000,0,79.3082,-43.7084,0.7459,1,1,1,1,0,0,有效双星
1787905296.973000,3,14,4,4721,1467702.593509000,4,894,444,228,194,894,444,228,194,978.913,561.878,255.000,0,1058.209,518.084,255.000,0,79.2956,-43.7940,0.0865,1,1,1,1,0,0,有效双星
1787905296.983000,3,14,5,4722,1467702.603508100,4,894,444,228,194,894,444,228,194,987.891,563.779,255.000,0,1067.131,519.173,255.000,0,79.2404,-44.6061,0.8140,1,1,1,1,0,0,有效双星
1787905296.999000,3,14,6,4723,1467702.613514100,4,894,444,228,194,894,444,228,194,995.860,570.542,255.000,0,1075.126,526.172,255.000,0,79.2659,-44.3698,0.2377,1,1,1,1,0,0,有效双星
1787905297.002000,3,14,7,4724,1467702.623563000,4,894,444,228,194,894,444,228,194,999.808,579.583,255.000,0,1079.006,535.136,255.000,0,79.1978,-44.4470,0.1029,1,1,1,1,0,0,有效双星
1787905297.012000,3,14,8,4725,1467702.633519300,4,894,444,228,194,894,444,228,194,996.981,586.838,255.000,0,1076.275,543.087,255.000,0,79.2935,-43.7511,0.7024,1,1,1,1,0,0,有效双星
1787905297.022000,3,14,9,4726,1467702.643507300,4,894,444,228,194,894,444,228,194,989.052,590.264,255.000,0,1068.329,546.151,255.000,0,79.2767,-44.1127,0.3619,1,1,1,1,0,0,有效双星
1787905297.033000,3,14,10,4727,1467702.653529100,4,894,444,228,194,894,444,228,194,979.110,589.357,255.000,0,1058.368,545.181,255.000,0,79.2580,-44.1758,0.0659,1,1,1,1,0,0,有效双星
1787905297.043000,3,14,11,4728,1467702.663522200,4,894,444,228,194,894,444,228,194,971.930,586.149,255.000,0,1051.186,542.128,255.000,0,79.2560,-44.0214,0.1544,1,1,1,1,0,0,有效双星
1787905297.053000,3,14,12,4729,1467702.673543100,4,894,444,228,194,894,444,228,194,969.987,584.087,255.000,0,1049.254,540.112,255.000,0,79.2677,-43.9748,0.0481,1,1,1,1,0,0,有效双星
1787905297.063000,3,14,13,4730,1467702.683545200,4,894,444,228,194,894,444,228,194,974.805,584.741,255.000,0,1054.056,541.048,255.000,0,79.2513,-43.6923,0.2829,1,1,1,1,0,0,有效双星
1787905297.073000,3,14,14,4731,1467702.693553300,4,894,444,228,194,894,444,228,194,983.067,587.136,255.000,0,1062.285,543.117,255.000,0,79.2173,-44.0189,0.3283,1,1,1,1,0,0,有效双星
1787905297.083000,3,14,15,4732,1467702.703536800,4,894,444,228,194,894,444,228,194,991.014,587.761,255.000,0,1070.319,544.076,255.000,0,79.3044,-43.6845,0.3456,1,1,1,1,0,0,有效双星
1787905297.092000,3,14,16,4733,1467702.713541500,4,894,444,228,194,894,444,228,194,995.905,585.285,255.000,0,1075.109,541.124,255.000,0,79.2039,-44.1603,0.4863,1,1,1,1,0,0,有效双星
1787905297.104000,3,14,17,4734,1467702.723526700,4,894,444,228,194,894,444,228,194,996.172,580.238,255.000,0,1075.971,536.103,255.000,0,79.7992,-44.1356,0.5957,1,1,1,1,0,0,有效双星
1787905297.113000,3,14,18,4735,1467702.733537100,4,894,444,228,194,894,444,228,194,995.812,574.685,255.000,0,1075.091,531.055,255.000,0,79.2791,-43.6296,0.7256,1,1,1,1,0,0,有效双星
1787905297.124000,3,14,19,4736,1467702.743516100,4,894,444,228,194,894,444,228,194,996.079,571.160,255.000,0,1075.304,527.120,255.000,0,79.2250,-44.0392,0.4132,1,1,1,1,0,0,有效双星
1787905297.134000,3,14,20,4737,1467702.753500400,4,894,444,228,194,894,444,228,194,998.073,568.236,255.000,0,1077.999,524.142,255.000,0,79.9258,-44.0938,0.7029,1,1,1,1,0,0,有效双星
1787905297.143000,3,14,21,4738,1467702.763528700,4,894,444,228,194,894,444,228,194,999.925,566.201,255.000,0,1079.168,522.127,255.000,0,79.2429,-44.0735,0.6832,1,1,1,1,0,0,有效双星
1787905297.153000,3,14,22,4739,1467702.773516400,4,894,444,228,194,894,444,228,194,1000.112,566.640,255.000,0,1079.375,522.189,255.000,0,79.2624,-44.4508,0.3778,1,1,1,1,0,0,有效双星
1787905297.162000,3,14,23,4740,1467702.783520900,4,894,444,228,194,894,444,228,194,999.057,570.003,255.000,0,1078.334,526.129,255.000,0,79.2771,-43.8734,0.5776,1,1,1,1,0,0,有效双星
1787905297.172000,3,14,24,4741,1467702.793527500,4,894,444,228,194,894,444,228,194,998.879,576.263,255.000,0,1078.033,532.103,255.000,0,79.1540,-44.1602,0.3121,1,1,1,1,0,0,有效双星
1787905297.182000,3,14,25,4742,1467702.803474400,4,894,444,228,194,894,444,228,194,996.152,582.644,255.000,0,1076.082,538.181,255.000,0,79.9300,-44.4628,0.8330,1,1,1,1,0,0,有效双星
1787905297.193000,3,14,26,4743,1467702.813504900,4,894,444,228,194,894,444,228,194,992.996,584.101,255.000,0,1072.286,540.133,255.000,0,79.2903,-43.9680,0.8088,1,1,1,1,0,0,有效双星
1787905297.203000,3,14,27,4744,1467702.823529000,4,894,444,228,194,894,444,228,194,988.921,579.237,255.000,0,1068.157,535.140,255.000,0,79.2363,-44.0971,0.1400,1,1,1,1,0,0,有效双星
1787905297.214000,3,14,28,4745,1467702.833751500,4,894,444,228,194,894,444,228,194,986.887,571.262,255.000,0,1066.191,527.153,255.000,0,79.3045,-44.1088,0.0692,1,1,1,1,0,0,有效双星
1787905297.223000,3,14,29,4746,1467702.843536300,4,894,444,228,194,894,444,228,194,989.996,566.063,255.000,0,1069.254,522.096,255.000,0,79.2584,-43.9676,0.1486,1,1,1,1,0,0,有效双星
1787905297.234000,3,14,30,4747,1467702.853508800,4,894,444,228,194,894,444,228,194,996.957,566.313,255.000,0,1076.215,522.148,255.000,0,79.2580,-44.1648,0.1972,1,1,1,1,0,0,有效双星
1787905297.247000,3,14,31,4748,1467702.863556500,4,894,444,228,194,894,444,228,194,1003.976,570.756,255.000,0,1083.259,526.226,255.000,0,79.2832,-44.5292,0.3653,1,1,1,1,0,0,有效双星
1787905297.253000,3,14,32,4749,1467702.873518800,4,894,444,228,194,894,444,228,194,1006.040,575.312,255.000,0,1085.300,531.144,255.000,0,79.2608,-44.1681,0.3618,1,1,1,1,0,0,有效双星
1787905297.263000,3,14,33,4750,1467702.883521100,4,894,444,228,194,894,444,228,194,1001.095,577.084,255.000,0,1080.409,533.147,255.000,0,79.3139,-43.9370,0.2371,1,1,1,1,0,0,有效双星
1787905297.273000,3,14,34,4751,1467702.893537100,4,894,444,228,194,894,444,228,194,993.093,576.679,255.000,0,1072.328,532.191,255.000,0,79.2345,-44.4873,0.5560,1,1,1,1,0,0,有效双星
1787905297.282000,3,14,35,4752,1467702.903510100,4,894,444,228,194,894,444,228,194,986.925,575.330,255.000,0,1066.162,531.147,255.000,0,79.2372,-44.1831,0.3042,1,1,1,1,0,0,有效双星
1787905297.294000,3,14,36,4753,1467702.913505000,4,894,444,228,194,894,444,228,194,985.921,574.955,255.000,0,1065.202,531.094,255.000,0,79.2817,-43.8609,0.3253,1,1,1,1,0,0,有效双星
1787905297.302000,3,14,37,4754,1467702.923495400,4,894,444,228,194,894,444,228,194,989.994,575.199,255.000,0,1069.251,531.140,255.000,0,79.2568,-44.0587,0.1994,1,1,1,1,0,0,有效双星
1787905297.313000,3,14,38,4755,1467702.933516600,4,894,444,228,194,894,444,228,194,996.074,574.777,255.000,0,1075.398,531.109,255.000,0,79.3244,-43.6688,0.3957,1,1,1,1,0,0,有效双星
1787905297.323000,3,14,39,4756,1467702.943512800,4,894,444,228,194,894,444,228,194,1001.853,573.708,255.000,0,1081.075,529.169,255.000,0,79.2214,-44.5392,0.8765,1,1,1,1,0,0,有效双星
1787905297.332000,3,14,40,4757,1467702.953500400,4,894,444,228,194,894,444,228,194,1003.091,572.239,255.000,0,1082.377,528.175,255.000,0,79.2854,-44.0644,0.4791,1,1,1,1,0,0,有效双星
1787905297.343000,3,14,41,4758,1467702.963496700,4,894,444,228,194,894,444,228,194,1001.135,571.917,255.000,0,1080.371,528.099,255.000,0,79.2362,-43.8178,0.2515,1,1,1,1,0,0,有效双星
1787905297.352000,3,14,42,4759,1467702.973499500,4,894,444,228,194,894,444,228,194,996.231,572.196,255.000,0,1076.111,528.119,255.000,0,79.8800,-44.0771,0.6940,1,1,1,1,0,0,有效双星
1787905297.363000,3,14,43,4760,1467702.983500000,4,894,444,228,194,894,444,228,194,991.148,572.907,255.000,0,1071.061,529.076,255.000,0,79.9134,-43.8310,0.2484,1,1,1,1,0,0,有效双星
1787905297.372000,3,14,44,4761,1467702.993508800,4,894,444,228,194,894,444,228,194,988.875,574.075,255.000,0,1068.085,530.094,255.000,0,79.2100,-43.9814,0.7192,1,1,1,1,0,0,有效双星
1787905297.384000,3,14,45,4762,1467703.003520800,4,894,444,228,194,894,444,228,194,989.170,575.625,255.000,0,1069.066,531.170,255.000,0,79.8956,-44.4543,0.8328,1,1,1,1,0,0,有效双星
1787905297.394000,3,14,46,4763,1467703.013597800,4,894,444,228,194,894,444,228,194,994.055,577.502,255.000,0,1073.288,533.155,255.000,0,79.2331,-44.3466,0.6712,1,1,1,1,0,0,有效双星
1787905297.404000,3,14,47,4764,1467703.023533100,4,894,444,228,194,894,444,228,194,999.089,578.097,255.000,0,1078.364,534.135,255.000,0,79.2746,-43.9621,0.3868,1,1,1,1,0,0,有效双星
1787905297.414000,3,14,48,4765,1467703.033527600,4,894,444,228,194,894,444,228,194,1001.868,576.346,255.000,0,1081.171,532.164,255.000,0,79.3026,-44.1815,0.2212,1,1,1,1,0,0,有效双星
1787905297.422000,3,14,49,4766,1467703.043498500,4,894,444,228,194,894,444,228,194,1000.009,572.817,255.000,0,1079.328,529.092,255.000,0,79.3185,-43.7242,0.4575,1,1,1,1,0,0,有效双星
1787905297.434000,3,14,50,4767,1467703.053618500,4,894,444,228,194,894,444,228,194,995.992,569.194,255.000,0,1075.309,525.157,255.000,0,79.3170,-44.0364,0.3122,1,1,1,1,0,0,有效双星
1787905303.497000,3,15,1,5370,1467709.114194600,5,876,410,229,194,876,410,229,194,948.108,506.270,255.000,0,1027.318,462.137,255.000,0,79.2101,-44.1337,0.7431,1,1,1,1,0,0,有效双星
1787905303.504000,3,15,2,5371,1467709.124244100,5,876,410,229,194,876,410,229,194,942.146,508.081,255.000,0,1021.383,464.125,255.000,0,79.2368,-43.9557,0.1800,1,1,1,1,0,0,有效双星
1787905303.515000,3,15,3,5372,1467709.134225500,5,876,410,229,194,876,410,229,194,936.062,512.312,255.000,0,1015.335,468.170,255.000,0,79.2723,-44.1416,0.1893,1,1,1,1,0,0,有效双星
1787905303.525000,3,15,4,5373,1467709.144179100,5,876,410,229,194,876,410,229,194,931.964,517.575,255.000,0,1011.201,473.165,255.000,0,79.2370,-44.4099,0.2706,1,1,1,1,0,0,有效双星
1787905303.535000,3,15,5,5374,1467709.154301000,5,876,410,229,194,876,410,229,194,930.806,520.870,255.000,0,1010.048,477.075,255.000,0,79.2418,-43.7950,0.6150,1,1,1,1,0,0,有效双星
1787905303.543000,3,15,6,5375,1467709.164194300,5,876,410,229,194,876,410,229,194,931.985,520.714,255.000,0,1011.214,477.040,255.000,0,79.2293,-43.6731,0.1226,1,1,1,1,0,0,有效双星
1787905303.554000,3,15,7,5376,1467709.174196200,5,876,410,229,194,876,410,229,194,935.038,515.854,255.000,0,1014.242,471.196,255.000,0,79.2046,-44.6578,0.9851,1,1,1,1,0,0,有效双星
1787905303.564000,3,15,8,5377,1467709.184200300,5,876,410,229,194,876,410,229,194,938.074,507.735,255.000,0,1017.360,464.080,255.000,0,79.2858,-43.6550,1.0061,1,1,1,1,0,0,有效双星
1787905303.574000,3,15,9,5378,1467709.194298600,5,876,410,229,194,876,410,229,194,941.029,500.303,255.000,0,1020.238,456.124,255.000,0,79.2090,-44.1798,0.5303,1,1,1,1,0,0,有效双星
1787905303.584000,3,15,10,5379,1467709.204187500,5,876,410,229,194,876,410,229,194,942.110,496.631,255.000,0,1021.965,452.130,255.000,0,79.8550,-44.5002,0.7211,1,1,1,1,0,0,有效双星
1787905303.594000,3,15,11,5380,1467709.214191700,5,876,410,229,194,876,410,229,194,941.117,497.982,255.000,0,1020.999,454.067,255.000,0,79.8825,-43.9147,0.5862,1,1,1,1,0,0,有效双星
1787905303.604000,3,15,12,5381,1467709.224238000,5,876,410,229,194,876,410,229,194,937.928,504.022,255.000,0,1017.111,460.063,255.000,0,79.1831,-43.9581,0.7008,1,1,1,1,0,0,有效双星
1787905303.615000,3,15,13,5382,1467709.234192800,5,876,410,229,194,876,410,229,194,931.824,510.958,255.000,0,1011.085,467.097,255.000,0,79.2606,-43.8611,0.1241,1,1,1,1,0,0,有效双星
1787905303.625000,3,15,14,5383,1467709.244317800,5,876,410,229,194,876,410,229,194,925.873,516.354,255.000,0,1005.066,472.141,255.000,0,79.1928,-44.2131,0.3584,1,1,1,1,0,0,有效双星
1787905303.633000,3,15,15,5384,1467709.254186000,5,876,410,229,194,876,410,229,194,922.057,517.677,255.000,0,1001.249,473.165,255.000,0,79.1915,-44.5122,0.2991,1,1,1,1,0,0,有效双星
1787905303.644000,3,15,16,5385,1467709.264220000,5,876,410,229,194,876,410,229,194,921.920,512.863,255.000,0,1001.253,469.097,255.000,0,79.3338,-43.7662,0.7595,1,1,1,1,0,0,有效双星
1787905303.654000,3,15,17,5386,1467709.274232100,5,876,410,229,194,876,410,229,194,925.150,504.473,255.000,0,1004.389,460.131,255.000,0,79.2393,-44.3425,0.5840,1,1,1,1,0,0,有效双星
1787905303.664000,3,15,18,5387,1467709.284203700,5,876,410,229,194,876,410,229,194,930.904,494.080,255.000,0,1010.207,450.104,255.000,0,79.3038,-43.9758,0.3723,1,1,1,1,0,0,有效双星
1787905303.674000,3,15,19,5388,1467709.294202900,5,876,410,229,194,876,410,229,194,936.141,487.036,255.000,0,1016.016,443.063,255.000,0,79.8746,-43.9732,0.5709,1,1,1,1,0,0,有效双星
1787905303.684000,3,15,20,5389,1467709.304189900,5,876,410,229,194,876,410,229,194,940.110,485.328,255.000,0,1019.306,441.116,255.000,0,79.1959,-44.2121,0.7196,1,1,1,1,0,0,有效双星
1787905303.694000,3,15,21,5390,1467709.314185400,5,876,410,229,194,876,410,229,194,940.854,488.219,255.000,0,1020.164,444.130,255.000,0,79.3093,-44.0886,0.1677,1,1,1,1,0,0,有效双星
1787905303.704000,3,15,22,5391,1467709.324182900,5,876,410,229,194,876,410,229,194,938.080,494.304,255.000,0,1017.277,450.109,255.000,0,79.1968,-44.1953,0.1550,1,1,1,1,0,0,有效双星
1787905303.714000,3,15,23,5392,1467709.334175800,5,876,410,229,194,876,410,229,194,932.864,498.810,255.000,0,1012.159,454.183,255.000,0,79.2950,-44.6269,0.4426,1,1,1,1,0,0,有效双星
1787905303.725000,3,15,24,5393,1467709.344191300,5,876,410,229,194,876,410,229,194,926.974,500.114,255.000,0,1006.275,456.112,255.000,0,79.3016,-44.0028,0.6241,1,1,1,1,0,0,有效双星
1787905303.733000,3,15,25,5394,1467709.354190400,5,876,410,229,194,876,410,229,194,923.168,498.296,255.000,0,1002.405,454.136,255.000,0,79.2364,-44.1598,0.1699,1,1,1,1,0,0,有效双星
1787905303.745000,3,15,26,5395,1467709.364192400,5,876,410,229,194,876,410,229,194,923.828,494.514,255.000,0,1003.153,450.157,255.000,0,79.3243,-44.3562,0.2152,1,1,1,1,0,0,有效双星
1787905303.755000,3,15,27,5396,1467709.374292000,5,876,410,229,194,876,410,229,194,928.790,490.849,255.000,0,1007.422,447.091,255.000,0,78.6314,-43.7586,0.9150,1,1,1,1,0,0,有效双星
1787905303.765000,3,15,28,5397,1467709.384197300,5,876,410,229,194,876,410,229,194,935.191,487.144,255.000,0,1015.006,443.063,255.000,0,79.8160,-44.0809,1.2276,1,1,1,1,0,0,有效双星
1787905303.773000,3,15,29,5398,1467709.394206900,5,876,410,229,194,876,410,229,194,940.879,482.231,255.000,0,1020.127,438.113,255.000,0,79.2479,-44.1182,0.5693,1,1,1,1,0,0,有效双星
1787905303.784000,3,15,30,5399,1467709.404237200,5,876,410,229,194,876,410,229,194,941.029,476.319,255.000,0,1020.230,432.127,255.000,0,79.2016,-44.1928,0.0878,1,1,1,1,0,0,有效双星
1787905303.794000,3,15,31,5400,1467709.414200000,5,876,410,229,194,876,410,229,194,935.151,469.199,255.000,0,1014.416,425.140,255.000,0,79.2642,-44.0587,0.1480,1,1,1,1,0,0,有效双星
1787905303.804000,3,15,32,5401,1467709.424216000,5,876,410,229,194,876,410,229,194,924.868,462.040,255.000,0,1003.482,420.544,255.000,0,78.6141,-41.4963,2.6436,1,1,1,1,0,0,有效双星
1787905303.814000,3,15,33,5402,1467709.434217700,5,876,410,229,194,876,410,229,194,912.929,457.564,255.000,0,990.645,418.157,255.000,0,77.7161,-39.4073,2.2738,1,1,1,1,0,0,有效双星
1787905303.824000,3,15,34,5403,1467709.444175500,5,876,410,229,194,876,410,229,194,903.093,456.680,255.000,0,981.508,417.695,255.000,0,78.4146,-38.9845,0.8165,1,1,1,1,0,0,有效双星
1787905303.834000,3,15,35,5404,1467709.454186800,5,876,410,229,194,876,410,229,194,897.153,457.946,255.000,0,975.483,418.196,255.000,0,78.3307,-39.7495,0.7696,1,1,1,1,0,0,有效双星
1787905303.844000,3,15,36,5405,1467709.464201500,5,876,410,229,194,876,410,229,194,893.165,457.585,255.000,0,971.514,418.124,255.000,0,78.3489,-39.4606,0.2894,1,1,1,1,0,0,有效双星
1787905303.854000,3,15,37,5406,1467709.474370800,5,876,410,229,194,876,410,229,194,892.017,454.963,255.000,0,969.788,417.323,255.000,0,77.7713,-37.6400,1.9100,1,1,1,1,0,0,有效双星
1787905303.865000,3,15,38,5407,1467709.484204500,5,876,410,229,194,876,410,229,194,894.004,451.705,255.000,0,972.090,416.165,255.000,0,78.0855,-35.5406,2.1228,1,1,1,1,0,0,有效双星
1787905303.875000,3,15,39,5408,1467709.494199600,5,876,410,229,194,876,410,229,194,897.247,448.097,255.000,0,977.801,415.111,255.000,0,80.5538,-32.9859,3.5524,1,1,1,1,0,0,有效双星
1787905303.883000,3,15,40,5409,1467709.504195100,5,876,410,229,194,876,410,229,194,900.029,444.028,255.000,0,979.946,413.264,255.000,0,79.9173,-30.7646,2.3107,1,1,1,1,0,0,有效双星
1787905303.894000,3,15,41,5410,1467709.514233300,5,876,410,229,194,876,410,229,194,898.960,439.511,255.000,0,978.983,413.041,221.000,0,80.0230,-26.4706,4.2953,1,1,1,1,0,0,有效双星
1787905303.904000,3,15,42,5411,1467709.524201300,5,876,410,229,194,876,410,229,194,0.000,0.000,0.000,0,0.000,0.000,0.000,0,0.0000,0.0000,0.0000,0,0,0,0,0,0,AOI 内候选连通域不足两个（当前 1 个）
1787905303.915000,3,15,43,5412,1467709.534209600,5,876,410,229,194,876,410,229,194,0.000,0.000,0.000,0,0.000,0.000,0.000,0,0.0000,0.0000,0.0000,0,0,0,0,0,0,AOI 内候选连通域不足两个（当前 1 个）
1787905303.925000,3,15,44,5413,1467709.544290400,5,876,410,229,194,876,410,229,194,891.167,440.657,255.000,0,971.219,412.578,255.000,0,80.0517,-28.0792,1.6088,1,1,1,1,0,0,有效双星
1787905303.935000,3,15,45,5414,1467709.554228500,5,876,410,229,194,876,410,229,194,893.086,446.576,255.000,0,973.029,414.327,255.000,0,79.9434,-32.2482,4.1704,1,1,1,1,0,0,有效双星
1787905303.943000,3,15,46,5415,1467709.564205700,5,876,410,229,194,876,410,229,194,895.871,450.705,255.000,0,975.760,415.977,255.000,0,79.8891,-34.7278,2.4801,1,1,1,1,0,0,有效双星
1787905303.953000,3,15,47,5416,1467709.574173500,5,876,410,229,194,876,410,229,194,896.981,451.408,255.000,0,975.137,416.088,255.000,0,78.1562,-35.3209,1.8316,1,1,1,1,0,0,有效双星
1787905303.964000,3,15,48,5417,1467709.584208200,5,876,410,229,194,876,410,229,194,896.918,448.927,255.000,0,976.892,415.412,255.000,0,79.9737,-33.5147,2.5623,1,1,1,1,0,0,有效双星
1787905303.975000,3,15,49,5418,1467709.594204700,5,876,410,229,194,876,410,229,194,895.949,445.869,255.000,0,975.903,414.139,255.000,0,79.9540,-31.7297,1.7851,1,1,1,1,0,0,有效双星
1787905303.985000,3,15,50,5419,1467709.604185700,5,876,410,229,194,876,410,229,194,895.153,444.319,255.000,0,975.209,413.381,255.000,0,80.0565,-30.9376,0.7987,1,1,1,1,0,0,有效双星
1787905304.504000,3,16,1,5468,1467710.124292000,6,820,340,229,182,820,340,229,182,899.017,457.490,255.000,0,978.291,413.143,255.000,0,0.0000,0.0000,11.2906,1,1,0,0,1,0,双星差分跳变 11.291 px，已拒绝该样本
1787905304.514000,3,16,2,5469,1467710.134281600,6,820,340,229,182,820,340,229,182,897.167,456.558,255.000,0,977.076,412.132,255.000,0,0.0000,0.0000,11.3387,1,1,0,0,1,0,双星差分跳变 11.339 px，已拒绝该样本
1787905304.525000,3,16,3,5470,1467710.144278300,6,820,340,229,182,820,340,229,182,895.029,453.623,255.000,0,974.319,409.162,255.000,0,0.0000,0.0000,11.4033,1,1,0,0,1,0,双星差分跳变 11.403 px，已拒绝该样本
1787905304.533000,3,16,4,5471,1467710.154282700,6,820,340,229,182,820,340,229,182,893.809,450.506,255.000,0,973.136,406.134,255.000,0,0.0000,0.0000,11.3122,1,1,0,0,1,0,双星差分跳变 11.312 px，已拒绝该样本
1787905304.545000,3,16,5,5472,1467710.164435800,6,820,340,229,182,820,340,229,182,894.070,449.172,255.000,0,973.946,405.064,255.000,0,0.0000,0.0000,11.0211,1,1,0,0,1,0,双星差分跳变 11.021 px，已拒绝该样本
1787905304.554000,3,16,6,5473,1467710.174310200,6,820,340,229,182,820,340,229,182,896.198,450.004,255.000,0,976.043,406.023,255.000,0,0.0000,0.0000,10.8946,1,1,0,0,1,0,双星差分跳变 10.895 px，已拒绝该样本
1787905304.564000,3,16,7,5474,1467710.184602400,6,820,340,229,182,820,340,229,182,898.888,451.665,255.000,0,978.167,407.155,255.000,0,0.0000,0.0000,11.4530,1,1,0,0,1,0,双星差分跳变 11.453 px，已拒绝该样本
1787905304.575000,3,16,8,5475,1467710.194286800,6,820,340,229,182,820,340,229,182,899.870,453.569,255.000,0,979.084,409.116,255.000,0,0.0000,0.0000,11.4022,1,1,0,0,1,0,双星差分跳变 11.402 px，已拒绝该样本
1787905304.585000,3,16,9,5476,1467710.204324700,6,820,340,229,182,820,340,229,182,898.855,454.560,255.000,0,978.095,410.131,255.000,0,0.0000,0.0000,11.3761,1,1,0,0,1,0,双星差分跳变 11.376 px，已拒绝该样本
1787905304.595000,3,16,10,5477,1467710.214300300,6,820,340,229,182,820,340,229,182,896.166,454.711,255.000,0,976.091,410.154,255.000,0,0.0000,0.0000,11.4693,1,1,0,0,1,1,双星差分跳变 11.469 px，已拒绝该样本
1787905304.848000,4,17,1,5478,1467710.459355500,0,0,0,1920,1200,0,0,1920,1200,898.178,451.160,255.000,0,976.739,407.180,255.000,0,78.5607,-43.9795,0.0000,1,1,1,0,0,0,全画幅定位成功，已选择面积最大的两个有效连通域
1787905304.897000,4,18,1,5479,1467710.517785800,1,824,332,228,193,824,332,228,193,898.826,454.492,255.000,0,978.175,410.154,255.000,0,79.3481,-44.3376,0.8649,1,1,1,1,0,0,有效双星
1787905304.907000,4,18,2,5480,1467710.527755600,1,824,332,228,193,824,332,228,193,898.074,453.245,255.000,0,977.386,409.140,255.000,0,79.3126,-44.1054,0.2349,1,1,1,1,0,0,有效双星
1787905304.917000,4,18,3,5481,1467710.537810800,1,824,332,228,193,824,332,228,193,896.956,451.814,255.000,0,976.274,407.192,255.000,0,79.3185,-44.6218,0.5164,1,1,1,1,0,0,有效双星
1787905304.928000,4,18,4,5482,1467710.547771500,1,824,332,228,193,824,332,228,193,895.876,450.873,255.000,0,975.219,407.062,255.000,0,79.3435,-43.8107,0.8114,1,1,1,1,0,0,有效双星
1787905304.937000,4,18,5,5483,1467710.557758500,1,824,332,228,193,824,332,228,193,895.170,451.188,255.000,0,975.058,407.068,255.000,0,79.8878,-44.1201,0.6260,1,1,1,1,0,0,有效双星
1787905304.948000,4,18,6,5484,1467710.567762500,1,824,332,228,193,824,332,228,193,895.897,452.011,255.000,0,975.214,408.074,255.000,0,79.3164,-43.9364,0.6001,1,1,1,1,0,0,有效双星
1787905304.958000,4,18,7,5485,1467710.577776400,1,824,332,228,193,824,332,228,193,896.791,452.971,255.000,0,976.089,409.063,255.000,0,79.2980,-43.9085,0.0335,1,1,1,1,0,0,有效双星
1787905304.966000,4,18,8,5486,1467710.587790300,1,824,332,228,193,824,332,228,193,897.105,453.890,255.000,0,976.382,409.206,255.000,0,79.2767,-44.6838,0.7756,1,1,1,1,0,0,有效双星
1787905304.976000,4,18,9,5487,1467710.597804200,1,824,332,228,193,824,332,228,193,897.172,453.952,255.000,0,977.107,410.048,255.000,0,79.9347,-43.9035,1.0207,1,1,1,1,0,0,有效双星
1787905304.988000,4,18,10,5488,1467710.607777200,1,824,332,228,193,824,332,228,193,897.133,453.754,255.000,0,977.045,409.150,255.000,0,79.9121,-44.6046,0.7015,1,1,1,1,0,0,有效双星
1787905304.997000,4,18,11,5489,1467710.617843000,1,824,332,228,193,824,332,228,193,896.941,452.933,255.000,0,976.246,409.063,255.000,0,79.3056,-43.8697,0.9529,1,1,1,1,0,0,有效双星
1787905305.006000,4,18,12,5490,1467710.627758000,1,824,332,228,193,824,332,228,193,896.009,451.953,255.000,0,975.376,408.097,255.000,0,79.3675,-43.8555,0.0635,1,1,1,1,0,0,有效双星
1787905305.016000,4,18,13,5491,1467710.637769900,1,824,332,228,193,824,332,228,193,895.924,451.563,255.000,0,975.222,407.132,255.000,0,79.2982,-44.4309,0.5795,1,1,1,1,0,0,有效双星
1787905305.028000,4,18,14,5492,1467710.647865300,1,824,332,228,193,824,332,228,193,895.985,451.380,255.000,0,975.278,407.133,255.000,0,79.2930,-44.2461,0.1849,1,1,1,1,0,0,有效双星
1787905305.036000,4,18,15,5493,1467710.657741200,1,824,332,228,193,824,332,228,193,896.821,451.924,255.000,0,976.115,408.046,255.000,0,79.2937,-43.8775,0.3686,1,1,1,1,0,0,有效双星
1787905305.048000,4,18,16,5494,1467710.667743300,1,824,332,228,193,824,332,228,193,897.121,453.031,255.000,0,976.391,409.081,255.000,0,79.2706,-43.9497,0.0758,1,1,1,1,0,0,有效双星
1787905305.057000,4,18,17,5495,1467710.677746200,1,824,332,228,193,824,332,228,193,897.817,453.632,255.000,0,977.147,409.163,255.000,0,79.3301,-44.4688,0.5225,1,1,1,1,0,0,有效双星
1787905305.068000,4,18,18,5496,1467710.687752300,1,824,332,228,193,824,332,228,193,897.153,453.975,255.000,0,977.059,410.040,255.000,0,79.9060,-43.9347,0.7854,1,1,1,1,0,0,有效双星
1787905305.076000,4,18,19,5497,1467710.697741700,1,824,332,228,193,824,332,228,193,896.911,453.665,255.000,0,976.226,409.164,255.000,0,79.3145,-44.5014,0.8192,1,1,1,1,0,0,有效双星
1787905305.088000,4,18,20,5498,1467710.707744800,1,824,332,228,193,824,332,228,193,895.995,452.893,255.000,0,975.326,409.068,255.000,0,79.3308,-43.8247,0.6769,1,1,1,1,0,0,有效双星
1787905305.096000,4,18,21,5499,1467710.717839700,1,824,332,228,193,824,332,228,193,895.885,452.092,255.000,0,975.147,408.061,255.000,0,79.2623,-44.0311,0.2175,1,1,1,1,0,0,有效双星
1787905305.107000,4,18,22,5500,1467710.727745300,1,824,332,228,193,824,332,228,193,895.846,451.431,255.000,0,975.186,407.123,255.000,0,79.3401,-44.3084,0.2880,1,1,1,1,0,0,有效双星
1787905305.120000,4,18,23,5501,1467710.737764300,1,824,332,228,193,824,332,228,193,896.094,451.569,255.000,0,976.003,407.107,255.000,0,79.9095,-44.4628,0.5900,1,1,1,1,0,0,有效双星
1787905305.128000,4,18,24,5502,1467710.747751500,1,824,332,228,193,824,332,228,193,897.110,452.150,255.000,0,976.401,408.111,255.000,0,79.2908,-44.0394,0.7497,1,1,1,1,0,0,有效双星
1787905305.136000,4,18,25,5503,1467710.757778000,1,824,332,228,193,824,332,228,193,898.025,453.146,255.000,0,977.325,409.106,255.000,0,79.2997,-44.0404,0.0090,1,1,1,1,0,0,有效双星
1787905305.146000,4,18,26,5504,1467710.767813400,1,824,332,228,193,824,332,228,193,898.055,454.085,255.000,0,977.347,410.094,255.000,0,79.2926,-43.9910,0.0499,1,1,1,1,0,0,有效双星
1787905305.157000,4,18,27,5505,1467710.777804600,1,824,332,228,193,824,332,228,193,897.054,454.056,255.000,0,976.379,410.107,255.000,0,79.3247,-43.9488,0.0531,1,1,1,1,0,0,有效双星
1787905305.167000,4,18,28,5506,1467710.787757100,1,824,332,228,193,824,332,228,193,895.913,453.084,255.000,0,975.225,409.085,255.000,0,79.3124,-43.9986,0.0512,1,1,1,1,0,0,有效双星
1787905305.177000,4,18,29,5507,1467710.797762400,1,824,332,228,193,824,332,228,193,894.865,451.771,255.000,0,974.225,408.041,255.000,0,79.3602,-43.7302,0.2726,1,1,1,1,0,0,有效双星
1787905305.188000,4,18,30,5508,1467710.807768100,1,824,332,228,193,824,332,228,193,895.000,451.241,255.000,0,974.319,407.118,255.000,0,79.3185,-44.1226,0.3946,1,1,1,1,0,0,有效双星
1787905305.198000,4,18,31,5509,1467710.817912200,1,824,332,228,193,824,332,228,193,896.801,451.726,255.000,0,976.076,407.149,255.000,0,79.2752,-44.5764,0.4558,1,1,1,1,0,0,有效双星
1787905305.206000,4,18,32,5510,1467710.827783700,1,824,332,228,193,824,332,228,193,898.024,452.672,255.000,0,977.350,408.175,255.000,0,79.3261,-44.4965,0.0946,1,1,1,1,0,0,有效双星
1787905305.217000,4,18,33,5511,1467710.837773500,1,824,332,228,193,824,332,228,193,898.920,453.278,255.000,0,978.200,409.114,255.000,0,79.2799,-44.1642,0.3356,1,1,1,1,0,0,有效双星
1787905305.228000,4,18,34,5512,1467710.847755100,1,824,332,228,193,824,332,228,193,897.977,453.240,255.000,0,977.297,409.125,255.000,0,79.3200,-44.1152,0.0633,1,1,1,1,0,0,有效双星
1787905305.237000,4,18,35,5513,1467710.857767900,1,824,332,228,193,824,332,228,193,896.152,452.921,255.000,0,976.077,409.028,255.000,0,79.9251,-43.8936,0.6444,1,1,1,1,0,0,有效双星
1787905305.247000,4,18,36,5514,1467710.867853700,1,824,332,228,193,824,332,228,193,895.077,452.645,255.000,0,975.001,408.125,255.000,0,79.9237,-44.5192,0.6257,1,1,1,1,0,0,有效双星
1787905305.257000,4,18,37,5515,1467710.877761600,1,824,332,228,193,824,332,228,193,894.991,452.690,255.000,0,974.327,408.173,255.000,0,79.3361,-44.5173,0.5876,1,1,1,1,0,0,有效双星
1787905305.268000,4,18,38,5516,1467710.887819600,1,824,332,228,193,824,332,228,193,895.915,452.897,255.000,0,975.171,409.023,255.000,0,79.2566,-43.8740,0.6482,1,1,1,1,0,0,有效双星
1787905305.276000,4,18,39,5517,1467710.897764000,1,824,332,228,193,824,332,228,193,896.865,452.764,255.000,0,976.180,408.173,255.000,0,79.3149,-44.5915,0.7199,1,1,1,1,0,0,有效双星
1787905305.286000,4,18,40,5518,1467710.907754200,1,824,332,228,193,824,332,228,193,897.801,452.647,255.000,0,977.087,408.144,255.000,0,79.2863,-44.5026,0.0934,1,1,1,1,0,0,有效双星
1787905305.298000,4,18,41,5519,1467710.917781100,1,824,332,228,193,824,332,228,193,897.923,452.578,255.000,0,977.249,408.148,255.000,0,79.3255,-44.4299,0.0826,1,1,1,1,0,0,有效双星
1787905305.310000,4,18,42,5520,1467710.927750400,1,824,332,228,193,824,332,228,193,897.843,452.519,255.000,0,977.195,408.143,255.000,0,79.3511,-44.3762,0.0596,1,1,1,1,0,0,有效双星
1787905305.316000,4,18,43,5521,1467710.937759200,1,824,332,228,193,824,332,228,193,897.038,452.832,255.000,0,976.336,408.187,255.000,0,79.2978,-44.6449,0.2740,1,1,1,1,0,0,有效双星
1787905305.327000,4,18,44,5522,1467710.947763000,1,824,332,228,193,824,332,228,193,896.038,452.809,255.000,0,975.375,408.203,255.000,0,79.3372,-44.6060,0.0554,1,1,1,1,0,0,有效双星
1787905305.337000,4,18,45,5523,1467710.957769400,1,824,332,228,193,824,332,228,193,895.860,452.834,255.000,0,975.123,408.160,255.000,0,79.2632,-44.6743,0.1007,1,1,1,1,0,0,有效双星
1787905305.347000,4,18,46,5524,1467710.967769400,1,824,332,228,193,824,332,228,193,895.837,452.728,255.000,0,975.147,408.159,255.000,0,79.3106,-44.5693,0.1151,1,1,1,1,0,0,有效双星
1787905305.359000,4,18,47,5525,1467710.977807400,1,824,332,228,193,824,332,228,193,896.077,452.836,255.000,0,975.413,409.063,255.000,0,79.3360,-43.7733,0.7964,1,1,1,1,0,0,有效双星
1787905305.366000,4,18,48,5526,1467710.987772500,1,824,332,228,193,824,332,228,193,897.116,453.026,255.000,0,976.390,408.216,255.000,0,79.2741,-44.8099,1.0384,1,1,1,1,0,0,有效双星
1787905305.378000,4,18,49,5527,1467710.997768500,1,824,332,228,193,824,332,228,193,897.847,452.644,255.000,0,977.216,408.173,255.000,0,79.3688,-44.4710,0.3519,1,1,1,1,0,0,有效双星
1787905305.386000,4,18,50,5528,1467711.007758800,1,824,332,228,193,824,332,228,193,897.868,452.610,255.000,0,977.159,408.135,255.000,0,79.2912,-44.4746,0.0776,1,1,1,1,0,0,有效双星
