timestamp_s,sequence,star_a_x_px,star_a_y_px,star_b_x_px,star_b_y_px,longitudinal_px,transverse_px,longitudinal_arcsec,transverse_arcsec,valid_pair,diagnostic,configuration_generation,aoi_epoch,aoi_transition_id,source_rect_x,source_rect_y,source_rect_width,source_rect_height
1787905253.704000,500,893.935,456.503,973.085,412.038,79.1498,-44.4655,38.267743,-21.498400,1,有效双星,1,0,1,818,338,229,194
1787905254.711000,601,893.151,456.566,973.024,412.058,79.8729,-44.5076,38.617344,-21.518769,1,有效双星,1,0,1,818,338,229,194
1787905255.721000,702,893.961,456.492,973.233,412.116,79.2717,-44.3763,38.326678,-21.455259,1,有效双星,1,0,1,818,338,229,194
1787905257.730000,903,893.933,456.309,973.140,412.101,79.2062,-44.2076,38.295045,-21.373717,1,有效双星,1,0,1,818,338,229,194
1787905258.730000,1003,893.169,456.577,973.024,412.098,79.8551,-44.4795,38.608773,-21.505189,1,有效双星,1,0,1,818,338,229,194
1787905259.730000,1103,887.060,453.380,966.292,409.122,79.2318,-44.2585,38.307423,-21.398327,1,有效双星,1,0,1,818,338,229,194
1787905261.630000,1290,948.992,515.220,1028.176,471.088,79.1834,-44.1319,38.283976,-21.337115,1,有效双星,2,0,2,854,370,228,194
1787905262.641000,1391,949.092,517.558,1028.356,473.155,79.2631,-44.4022,38.322509,-21.467820,1,有效双星,2,0,2,854,370,228,194
1787905263.651000,1492,949.813,517.985,1028.373,474.083,78.5598,-43.9025,37.982475,-21.226208,1,有效双星,2,0,2,854,370,228,194
1787905264.661000,1593,948.934,517.584,1028.239,473.164,79.3051,-44.4198,38.342839,-21.476321,1,有效双星,2,0,2,854,370,228,194
1787905266.660000,1793,948.833,517.603,1028.134,473.145,79.3011,-44.4575,38.340927,-21.494551,1,有效双星,2,0,2,854,370,228,194
1787905268.254000,1889,998.827,585.641,1078.162,541.169,79.3349,-44.4726,38.357258,-21.501860,1,有效双星,2,2,8,938,434,228,194
1787905269.254000,1989,1001.051,570.663,1080.994,526.179,79.9428,-44.4840,38.651178,-21.507333,1,有效双星,2,2,8,938,434,228,194
1787905270.264000,2090,1001.242,571.991,1081.240,528.125,79.9985,-43.8662,38.678071,-21.208642,1,有效双星,2,2,8,938,434,228,194
1787905271.264000,2190,1002.901,572.761,1082.160,528.177,79.2588,-44.5837,38.320443,-21.555548,1,有效双星,2,2,8,938,434,228,194
1787905272.264000,2290,1002.143,572.531,1082.054,528.137,79.9116,-44.3941,38.636094,-21.463880,1,有效双星,2,2,8,938,434,228,194
1787905273.274000,2391,1002.009,572.503,1081.353,528.179,79.3443,-44.3243,38.361780,-21.430147,1,有效双星,2,2,8,938,434,228,194
1787905274.284000,2492,1002.902,572.703,1082.166,528.184,79.2648,-44.5188,38.323346,-21.524175,1,有效双星,2,2,8,938,434,228,194
1787905275.285000,2592,1002.848,572.555,1082.081,528.171,79.2331,-44.3843,38.308004,-21.459152,1,有效双星,2,2,8,938,434,228,194
1787905277.294000,2790,980.028,574.646,1059.342,530.215,79.3148,-44.4311,38.347511,-21.481764,1,有效双星,3,2,9,904,448,228,193
1787905279.123000,2944,897.877,455.576,977.110,411.153,79.2326,-44.4230,38.307788,-21.477840,1,有效双星,1,3,11,812,356,228,193
1787905280.130000,3045,897.036,455.663,976.292,411.162,79.2563,-44.5012,38.319257,-21.515690,1,有效双星,1,3,11,812,356,228,193
1787905281.130000,3145,897.959,456.195,977.200,412.126,79.2414,-44.0695,38.312025,-21.306970,1,有效双星,1,3,11,812,356,228,193
1787905282.130000,3245,898.003,456.277,977.125,412.087,79.1227,-44.1901,38.254653,-21.365248,1,有效双星,1,3,11,812,356,228,193
1787905283.131000,3345,897.887,455.790,977.163,412.062,79.2761,-43.7281,38.328841,-21.141899,1,有效双星,1,3,11,812,356,228,193
1787905285.130000,3545,898.141,456.239,977.322,412.123,79.1808,-44.1165,38.282732,-21.329650,1,有效双星,1,3,11,812,356,228,193
1787905286.130000,3645,898.046,456.033,977.260,412.090,79.2147,-43.9427,38.299142,-21.245635,1,有效双星,1,3,11,812,356,228,193
1787905287.131000,3745,897.214,456.243,977.083,412.077,79.8687,-44.1653,38.615326,-21.353262,1,有效双星,1,3,11,812,356,228,193
1787905288.131000,3845,897.172,455.768,977.080,411.125,79.9089,-44.6428,38.634776,-21.584129,1,有效双星,1,3,11,812,356,228,193
1787905290.089000,4035,948.103,519.204,1027.368,475.111,79.2648,-44.0934,38.323350,-21.318502,1,有效双星,3,3,13,880,400,228,194
1787905291.098000,4136,951.175,519.513,1031.124,475.127,79.9488,-44.3853,38.654053,-21.459624,1,有效双星,3,3,13,880,400,228,194
1787905292.107000,4237,952.208,519.912,1032.105,475.161,79.8972,-44.7508,38.629094,-21.636347,1,有效双星,3,3,13,880,400,228,194
1787905293.117000,4338,951.969,519.524,1031.324,475.147,79.3543,-44.3771,38.366617,-21.455661,1,有效双星,3,3,13,880,400,228,194
1787905294.127000,4439,951.167,518.960,1031.087,475.030,79.9198,-43.9304,38.640020,-21.239682,1,有效双星,3,3,13,880,400,228,194
1787905295.127000,4539,951.903,519.342,1031.208,475.120,79.3053,-44.2221,38.342935,-21.380711,1,有效双星,3,3,13,880,400,228,194
1787905296.943000,4718,977.843,586.278,1057.115,542.165,79.2725,-44.1133,38.327063,-21.328135,1,有效双星,4,3,14,894,444,228,194
1787905297.943000,4818,994.014,574.369,1073.248,530.155,79.2338,-44.2141,38.308377,-21.376854,1,有效双星,4,3,14,894,444,228,194
1787905298.943000,4918,996.018,574.930,1075.270,530.206,79.2519,-44.7244,38.317110,-21.623604,1,有效双星,4,3,14,894,444,228,194
1787905300.942000,5118,996.047,574.138,1075.320,530.123,79.2728,-44.0155,38.327201,-21.280857,1,有效双星,4,3,14,894,444,228,194
1787905301.953000,5219,996.102,575.037,1075.284,531.101,79.1821,-43.9355,38.283353,-21.242171,1,有效双星,4,3,14,894,444,228,194
1787905302.953000,5319,992.969,571.060,1072.197,527.105,79.2287,-43.9551,38.305885,-21.251651,1,有效双星,4,3,14,894,444,228,194
1787905304.896000,5479,898.826,454.492,978.175,410.154,79.3481,-44.3376,38.363605,-21.436594,1,有效双星,1,4,18,824,332,228,193
1787905305.909000,5580,895.975,452.509,975.297,408.119,79.3218,-44.3901,38.350898,-21.461946,1,有效双星,1,4,18,824,332,228,193
1787905306.916000,5681,896.857,452.909,976.146,408.161,79.2895,-44.7474,38.335294,-21.634696,1,有效双星,1,4,18,824,332,228,193
1787905307.929000,5782,896.041,452.133,975.930,408.072,79.8887,-44.0605,38.625009,-21.302588,1,有效双星,1,4,18,824,332,228,193
1787905308.938000,5883,896.080,452.571,975.393,408.174,79.3130,-44.3973,38.346639,-21.465457,1,有效双星,1,4,18,824,332,228,193
1787905310.946000,6084,896.955,452.980,976.200,409.034,79.2452,-43.9468,38.313857,-21.247603,1,有效双星,1,4,18,824,332,228,193
1787905311.946000,6184,896.890,452.773,976.106,408.128,79.2162,-44.6455,38.299877,-21.585450,1,有效双星,1,4,18,824,332,228,193
1787905312.947000,6284,896.196,452.349,976.129,408.097,79.9328,-44.2518,38.646319,-21.395067,1,有效双星,1,4,18,824,332,228,193
1787905313.948000,6384,896.895,452.791,976.151,408.143,79.2565,-44.6480,38.319339,-21.586659,1,有效双星,1,4,18,824,332,228,193
